path,true_label,predicted_label,probability_high_risk
data\processed\images_to_train\resnet\test\ISIC_0031633.jpg,Low Risk,Low Risk,0.40196967124938965
data\processed\images_to_train\resnet\test\ISIC_0027850.jpg,Low Risk,Low Risk,0.4268478751182556
data\processed\images_to_train\resnet\test\ISIC_0029836.jpg,Low Risk,Low Risk,0.25018808245658875
data\processed\images_to_train\resnet\test\ISIC_0032129.jpg,Low Risk,Low Risk,0.4125773310661316
data\processed\images_to_train\resnet\test\ISIC_0030661.jpg,Low Risk,Low Risk,0.13738127052783966
data\processed\images_to_train\resnet\test\ISIC_0027053.jpg,Low Risk,Low Risk,0.4080410301685333
data\processed\images_to_train\resnet\test\ISIC_0028560.jpg,Low Risk,High Risk,0.608924388885498
data\processed\images_to_train\resnet\test\ISIC_0031650.jpg,Low Risk,Low Risk,0.33003726601600647
data\processed\images_to_train\resnet\test\ISIC_0029301.jpg,Low Risk,Low Risk,0.29208672046661377
data\processed\images_to_train\resnet\test\ISIC_0026637.jpg,Low Risk,Low Risk,0.20756597816944122
data\processed\images_to_train\resnet\test\ISIC_0031495.jpg,Low Risk,Low Risk,0.006441641598939896
data\processed\images_to_train\resnet\test\ISIC_0026104.jpg,Low Risk,Low Risk,0.0002591446682345122
data\processed\images_to_train\resnet\test\ISIC_0029413.jpg,Low Risk,High Risk,0.6811270117759705
data\processed\images_to_train\resnet\test\ISIC_0029576.jpg,Low Risk,Low Risk,0.38007137179374695
data\processed\images_to_train\resnet\test\ISIC_0025140.jpg,Low Risk,Low Risk,0.4562661945819855
data\processed\images_to_train\resnet\test\ISIC_0025554.jpg,Low Risk,High Risk,0.6200770735740662
data\processed\images_to_train\resnet\test\ISIC_0030607.jpg,Low Risk,Low Risk,0.38368913531303406
data\processed\images_to_train\resnet\test\ISIC_0029060.jpg,Low Risk,Low Risk,0.38210150599479675
data\processed\images_to_train\resnet\test\ISIC_0026153.jpg,Low Risk,High Risk,0.6424665451049805
data\processed\images_to_train\resnet\test\ISIC_0025876.jpg,Low Risk,Low Risk,0.4356605112552643
data\processed\images_to_train\resnet\test\ISIC_0025063.jpg,Low Risk,High Risk,0.5882077217102051
data\processed\images_to_train\resnet\test\ISIC_0029674.jpg,Low Risk,Low Risk,0.45316028594970703
data\processed\images_to_train\resnet\test\ISIC_0028607.jpg,Low Risk,Low Risk,0.4230990409851074
data\processed\images_to_train\resnet\test\ISIC_0029683.jpg,Low Risk,Low Risk,0.42662036418914795
data\processed\images_to_train\resnet\test\ISIC_0034235.jpg,Low Risk,Low Risk,0.42381158471107483
data\processed\images_to_train\resnet\test\ISIC_0034007.jpg,Low Risk,Low Risk,0.45979154109954834
data\processed\images_to_train\resnet\test\ISIC_0029014.jpg,Low Risk,Low Risk,0.4232269823551178
data\processed\images_to_train\resnet\test\ISIC_0030272.jpg,Low Risk,Low Risk,0.21046626567840576
data\processed\images_to_train\resnet\test\ISIC_0032063.jpg,Low Risk,Low Risk,0.46484237909317017
data\processed\images_to_train\resnet\test\ISIC_0026060.jpg,Low Risk,Low Risk,0.3936325013637543
data\processed\images_to_train\resnet\test\ISIC_0026827.jpg,Low Risk,Low Risk,0.24291908740997314
data\processed\images_to_train\resnet\test\ISIC_0027680.jpg,Low Risk,High Risk,0.660325288772583
data\processed\images_to_train\resnet\test\ISIC_0032280.jpg,Low Risk,High Risk,0.5006779432296753
data\processed\images_to_train\resnet\test\ISIC_0025982.jpg,Low Risk,Low Risk,0.3457880914211273
data\processed\images_to_train\resnet\test\ISIC_0030721.jpg,Low Risk,Low Risk,0.3976306617259979
data\processed\images_to_train\resnet\test\ISIC_0030706.jpg,Low Risk,Low Risk,0.3866764307022095
data\processed\images_to_train\resnet\test\ISIC_0030744.jpg,Low Risk,Low Risk,0.3142663538455963
data\processed\images_to_train\resnet\test\ISIC_0029100.jpg,Low Risk,High Risk,0.5636895895004272
data\processed\images_to_train\resnet\test\ISIC_0028254.jpg,Low Risk,Low Risk,0.29398372769355774
data\processed\images_to_train\resnet\test\ISIC_0027320.jpg,Low Risk,High Risk,0.5310462713241577
data\processed\images_to_train\resnet\test\ISIC_0028511.jpg,Low Risk,Low Risk,0.2571559250354767
data\processed\images_to_train\resnet\test\ISIC_0026714.jpg,Low Risk,Low Risk,0.31183743476867676
data\processed\images_to_train\resnet\test\ISIC_0028473.jpg,Low Risk,Low Risk,0.1932424008846283
data\processed\images_to_train\resnet\test\ISIC_0026661.jpg,Low Risk,Low Risk,0.34370914101600647
data\processed\images_to_train\resnet\test\ISIC_0025805.jpg,Low Risk,Low Risk,0.2041061669588089
data\processed\images_to_train\resnet\test\ISIC_0029166.jpg,Low Risk,Low Risk,0.10202731937170029
data\processed\images_to_train\resnet\test\ISIC_0026679.jpg,Low Risk,Low Risk,0.32682082056999207
data\processed\images_to_train\resnet\test\ISIC_0029420.jpg,Low Risk,Low Risk,0.36172011494636536
data\processed\images_to_train\resnet\test\ISIC_0031449.jpg,Low Risk,Low Risk,0.33922532200813293
data\processed\images_to_train\resnet\test\ISIC_0026842.jpg,Low Risk,Low Risk,0.3017703890800476
data\processed\images_to_train\resnet\test\ISIC_0031168.jpg,Low Risk,Low Risk,0.4525274336338043
data\processed\images_to_train\resnet\test\ISIC_0025575.jpg,Low Risk,High Risk,0.5568351745605469
data\processed\images_to_train\resnet\test\ISIC_0025351.jpg,Low Risk,Low Risk,0.38497960567474365
data\processed\images_to_train\resnet\test\ISIC_0027527.jpg,Low Risk,Low Risk,0.3957793712615967
data\processed\images_to_train\resnet\test\ISIC_0031702.jpg,Low Risk,High Risk,0.7670331001281738
data\processed\images_to_train\resnet\test\ISIC_0026219.jpg,Low Risk,Low Risk,0.1067955270409584
data\processed\images_to_train\resnet\test\ISIC_0027437.jpg,Low Risk,Low Risk,0.10595635324716568
data\processed\images_to_train\resnet\test\ISIC_0026290.jpg,Low Risk,High Risk,0.5338810086250305
data\processed\images_to_train\resnet\test\ISIC_0024696.jpg,Low Risk,Low Risk,0.48799458146095276
data\processed\images_to_train\resnet\test\ISIC_0024910.jpg,Low Risk,Low Risk,0.06483551114797592
data\processed\images_to_train\resnet\test\ISIC_0025374.jpg,Low Risk,Low Risk,0.2640714943408966
data\processed\images_to_train\resnet\test\ISIC_0026704.jpg,Low Risk,Low Risk,0.45949938893318176
data\processed\images_to_train\resnet\test\ISIC_0026523.jpg,Low Risk,High Risk,0.6551546454429626
data\processed\images_to_train\resnet\test\ISIC_0031287.jpg,Low Risk,Low Risk,0.3476558029651642
data\processed\images_to_train\resnet\test\ISIC_0026409.jpg,Low Risk,Low Risk,0.2841988205909729
data\processed\images_to_train\resnet\test\ISIC_0025345.jpg,Low Risk,Low Risk,0.2874963879585266
data\processed\images_to_train\resnet\test\ISIC_0032303.jpg,Low Risk,Low Risk,0.4317634105682373
data\processed\images_to_train\resnet\test\ISIC_0032103.jpg,Low Risk,Low Risk,0.36157968640327454
data\processed\images_to_train\resnet\test\ISIC_0024825.jpg,Low Risk,Low Risk,0.3360418975353241
data\processed\images_to_train\resnet\test\ISIC_0028451.jpg,Low Risk,Low Risk,0.38817763328552246
data\processed\images_to_train\resnet\test\ISIC_0026015.jpg,Low Risk,High Risk,0.6262631416320801
data\processed\images_to_train\resnet\test\ISIC_0027354.jpg,Low Risk,High Risk,0.6289753913879395
data\processed\images_to_train\resnet\test\ISIC_0031825.jpg,Low Risk,Low Risk,0.49652424454689026
data\processed\images_to_train\resnet\test\ISIC_0030677.jpg,Low Risk,Low Risk,0.19975635409355164
data\processed\images_to_train\resnet\test\ISIC_0030383.jpg,Low Risk,Low Risk,0.3385959565639496
data\processed\images_to_train\resnet\test\ISIC_0025465.jpg,Low Risk,Low Risk,0.3096540570259094
data\processed\images_to_train\resnet\test\ISIC_0027162.jpg,Low Risk,Low Risk,0.163539320230484
data\processed\images_to_train\resnet\test\ISIC_0031528.jpg,Low Risk,Low Risk,0.4132203757762909
data\processed\images_to_train\resnet\test\ISIC_0028615.jpg,Low Risk,Low Risk,0.34621474146842957
data\processed\images_to_train\resnet\test\ISIC_0028490.jpg,Low Risk,Low Risk,0.28706154227256775
data\processed\images_to_train\resnet\test\ISIC_0025339.jpg,Low Risk,Low Risk,0.45857638120651245
data\processed\images_to_train\resnet\test\ISIC_0025103.jpg,Low Risk,Low Risk,0.1596112698316574
data\processed\images_to_train\resnet\test\ISIC_0025710.jpg,Low Risk,Low Risk,0.38334670662879944
data\processed\images_to_train\resnet\test\ISIC_0024909.jpg,Low Risk,Low Risk,0.272030770778656
data\processed\images_to_train\resnet\test\ISIC_0028258.jpg,Low Risk,Low Risk,0.3861628770828247
data\processed\images_to_train\resnet\test\ISIC_0026717.jpg,Low Risk,Low Risk,0.42915576696395874
data\processed\images_to_train\resnet\test\ISIC_0032179.jpg,Low Risk,Low Risk,0.15163330733776093
data\processed\images_to_train\resnet\test\ISIC_0033246.jpg,Low Risk,Low Risk,0.21322405338287354
data\processed\images_to_train\resnet\test\ISIC_0032843.jpg,Low Risk,Low Risk,0.15820136666297913
data\processed\images_to_train\resnet\test\ISIC_0033701.jpg,Low Risk,Low Risk,0.4314902424812317
data\processed\images_to_train\resnet\test\ISIC_0033884.jpg,Low Risk,Low Risk,0.4641870856285095
data\processed\images_to_train\resnet\test\ISIC_0034142.jpg,Low Risk,High Risk,0.6117290258407593
data\processed\images_to_train\resnet\test\ISIC_0029113.jpg,Low Risk,Low Risk,0.09531217068433762
data\processed\images_to_train\resnet\test\ISIC_0032271.jpg,Low Risk,Low Risk,0.25968503952026367
data\processed\images_to_train\resnet\test\ISIC_0026566.jpg,Low Risk,Low Risk,0.10361628234386444
data\processed\images_to_train\resnet\test\ISIC_0028497.jpg,Low Risk,Low Risk,0.3788229823112488
data\processed\images_to_train\resnet\test\ISIC_0030207.jpg,Low Risk,Low Risk,0.2412027269601822
data\processed\images_to_train\resnet\test\ISIC_0031125.jpg,Low Risk,Low Risk,0.3285140097141266
data\processed\images_to_train\resnet\test\ISIC_0025431.jpg,Low Risk,Low Risk,0.2387925386428833
data\processed\images_to_train\resnet\test\ISIC_0031362.jpg,Low Risk,Low Risk,0.1945362538099289
data\processed\images_to_train\resnet\test\ISIC_0027326.jpg,Low Risk,Low Risk,0.09233127534389496
data\processed\images_to_train\resnet\test\ISIC_0030021.jpg,Low Risk,Low Risk,0.3881703019142151
data\processed\images_to_train\resnet\test\ISIC_0027118.jpg,Low Risk,Low Risk,0.20048671960830688
data\processed\images_to_train\resnet\test\ISIC_0025302.jpg,Low Risk,Low Risk,0.3975942134857178
data\processed\images_to_train\resnet\test\ISIC_0031344.jpg,Low Risk,Low Risk,0.2872658371925354
data\processed\images_to_train\resnet\test\ISIC_0028346.jpg,Low Risk,Low Risk,0.41847512125968933
data\processed\images_to_train\resnet\test\ISIC_0034135.jpg,Low Risk,Low Risk,0.35468557476997375
data\processed\images_to_train\resnet\test\ISIC_0033626.jpg,Low Risk,Low Risk,0.3270149827003479
data\processed\images_to_train\resnet\test\ISIC_0033780.jpg,Low Risk,Low Risk,0.3680360019207001
data\processed\images_to_train\resnet\test\ISIC_0030830.jpg,Low Risk,Low Risk,0.11819629371166229
data\processed\images_to_train\resnet\test\ISIC_0026471.jpg,Low Risk,Low Risk,0.004010847304016352
data\processed\images_to_train\resnet\test\ISIC_0025314.jpg,Low Risk,Low Risk,0.13782814145088196
data\processed\images_to_train\resnet\test\ISIC_0025373.jpg,Low Risk,Low Risk,0.14873196184635162
data\processed\images_to_train\resnet\test\ISIC_0029297.jpg,Low Risk,Low Risk,0.07337755709886551
data\processed\images_to_train\resnet\test\ISIC_0029512.jpg,High Risk,Low Risk,0.04150021821260452
data\processed\images_to_train\resnet\test\ISIC_0027872.jpg,High Risk,Low Risk,0.13819250464439392
data\processed\images_to_train\resnet\test\ISIC_0030486.jpg,High Risk,High Risk,0.6434582471847534
data\processed\images_to_train\resnet\test\ISIC_0032214.jpg,High Risk,Low Risk,0.3566754460334778
data\processed\images_to_train\resnet\test\ISIC_0028069.jpg,High Risk,Low Risk,0.22708360850811005
data\processed\images_to_train\resnet\test\ISIC_0028579.jpg,High Risk,Low Risk,0.1618126630783081
data\processed\images_to_train\resnet\test\ISIC_0029000.jpg,High Risk,Low Risk,0.08035854250192642
data\processed\images_to_train\resnet\test\ISIC_0025955.jpg,High Risk,Low Risk,0.26644861698150635
data\processed\images_to_train\resnet\test\ISIC_0030060.jpg,High Risk,High Risk,0.5659123063087463
data\processed\images_to_train\resnet\test\ISIC_0030211.jpg,High Risk,High Risk,0.5824725031852722
data\processed\images_to_train\resnet\test\ISIC_0024624.jpg,High Risk,Low Risk,0.353499174118042
data\processed\images_to_train\resnet\test\ISIC_0030089.jpg,High Risk,Low Risk,0.4894070327281952
data\processed\images_to_train\resnet\test\ISIC_0027616.jpg,High Risk,High Risk,0.5437421202659607
data\processed\images_to_train\resnet\test\ISIC_0027651.jpg,High Risk,High Risk,0.5396011471748352
data\processed\images_to_train\resnet\test\ISIC_0030014.jpg,High Risk,Low Risk,0.38375890254974365
data\processed\images_to_train\resnet\test\ISIC_0031189.jpg,High Risk,High Risk,0.6162087321281433
data\processed\images_to_train\resnet\test\ISIC_0032190.jpg,High Risk,High Risk,0.76911461353302
data\processed\images_to_train\resnet\test\ISIC_0028087.jpg,High Risk,Low Risk,0.36987701058387756
data\processed\images_to_train\resnet\test\ISIC_0026664.jpg,High Risk,Low Risk,0.39126116037368774
data\processed\images_to_train\resnet\test\ISIC_0030824.jpg,High Risk,Low Risk,0.4300024211406708
data\processed\images_to_train\resnet\test\ISIC_0030440.jpg,High Risk,Low Risk,0.13912135362625122
data\processed\images_to_train\resnet\test\ISIC_0024732.jpg,High Risk,Low Risk,0.1278964728116989
data\processed\images_to_train\resnet\test\ISIC_0033834.jpg,High Risk,Low Risk,0.4856566786766052
data\processed\images_to_train\resnet\test\ISIC_0033678.jpg,High Risk,High Risk,0.5209134817123413
data\processed\images_to_train\resnet\test\ISIC_0033975.jpg,High Risk,Low Risk,0.2600361108779907
data\processed\images_to_train\resnet\test\ISIC_0033278.jpg,High Risk,Low Risk,0.4782685935497284
data\processed\images_to_train\resnet\test\ISIC_0033679.jpg,High Risk,Low Risk,0.3618429899215698
data\processed\images_to_train\resnet\test\ISIC_0033820.jpg,High Risk,Low Risk,0.3204652965068817
data\processed\images_to_train\resnet\test\ISIC_0033814.jpg,High Risk,High Risk,0.6311252117156982
data\processed\images_to_train\resnet\test\ISIC_0032685.jpg,High Risk,High Risk,0.5320385694503784
data\processed\images_to_train\resnet\test\ISIC_0032903.jpg,High Risk,High Risk,0.6207737922668457
data\processed\images_to_train\resnet\test\ISIC_0033323.jpg,High Risk,High Risk,0.5413874387741089
data\processed\images_to_train\resnet\test\ISIC_0033068.jpg,High Risk,Low Risk,0.3786099851131439
data\processed\images_to_train\resnet\test\ISIC_0034218.jpg,High Risk,Low Risk,0.2996264100074768
data\processed\images_to_train\resnet\test\ISIC_0034263.jpg,High Risk,Low Risk,0.4524092376232147
data\processed\images_to_train\resnet\test\ISIC_0034262.jpg,High Risk,Low Risk,0.10645055025815964
data\processed\images_to_train\resnet\test\ISIC_0033103.jpg,High Risk,Low Risk,0.16170930862426758
data\processed\images_to_train\resnet\test\ISIC_0034106.jpg,High Risk,Low Risk,0.23841987550258636
data\processed\images_to_train\resnet\test\ISIC_0033485.jpg,High Risk,Low Risk,0.1676008701324463
data\processed\images_to_train\resnet\test\ISIC_0033175.jpg,High Risk,Low Risk,0.1025802493095398
data\processed\images_to_train\resnet\test\ISIC_0033886.jpg,High Risk,Low Risk,0.07055995613336563
data\processed\images_to_train\resnet\test\ISIC_0032892.jpg,High Risk,High Risk,0.6444011926651001
data\processed\images_to_train\resnet\test\ISIC_0033595.jpg,High Risk,High Risk,0.5823373198509216
data\processed\images_to_train\resnet\test\ISIC_0034059.jpg,High Risk,Low Risk,0.4317902624607086
data\processed\images_to_train\resnet\test\ISIC_0033063.jpg,High Risk,Low Risk,0.3330979347229004
data\processed\images_to_train\resnet\test\ISIC_0032603.jpg,High Risk,Low Risk,0.22519120573997498
data\processed\images_to_train\resnet\test\ISIC_0033871.jpg,High Risk,Low Risk,0.28850504755973816
data\processed\images_to_train\resnet\test\ISIC_0032955.jpg,High Risk,Low Risk,0.3542165756225586
data\processed\images_to_train\resnet\test\ISIC_0033470.jpg,High Risk,Low Risk,0.29118454456329346
data\processed\images_to_train\resnet\test\ISIC_0034094.jpg,High Risk,Low Risk,0.35537704825401306
data\processed\images_to_train\resnet\test\ISIC_0033560.jpg,High Risk,Low Risk,0.21031296253204346
data\processed\images_to_train\resnet\test\ISIC_0032806.jpg,High Risk,Low Risk,0.4355449080467224
data\processed\images_to_train\resnet\test\ISIC_0034022.jpg,High Risk,Low Risk,0.25876155495643616
data\processed\images_to_train\resnet\test\ISIC_0033017.jpg,High Risk,Low Risk,0.24227984249591827
data\processed\images_to_train\resnet\test\ISIC_0033874.jpg,High Risk,High Risk,0.5601667165756226
data\processed\images_to_train\resnet\test\ISIC_0033546.jpg,High Risk,Low Risk,0.20663033425807953
data\processed\images_to_train\resnet\test\ISIC_0030391.jpg,High Risk,Low Risk,0.33281460404396057
data\processed\images_to_train\resnet\test\ISIC_0034239.jpg,High Risk,Low Risk,0.36614421010017395
data\processed\images_to_train\resnet\test\ISIC_0034287.jpg,High Risk,Low Risk,0.23914754390716553
data\processed\images_to_train\resnet\test\ISIC_0032509.jpg,High Risk,Low Risk,0.2903609573841095
data\processed\images_to_train\resnet\test\ISIC_0034068.jpg,High Risk,Low Risk,0.2506524622440338
data\processed\images_to_train\resnet\test\ISIC_0033534.jpg,High Risk,Low Risk,0.37187087535858154
data\processed\images_to_train\resnet\test\ISIC_0032626.jpg,High Risk,Low Risk,0.31525158882141113
data\processed\images_to_train\resnet\test\ISIC_0033668.jpg,High Risk,High Risk,0.7191820740699768
data\processed\images_to_train\resnet\test\ISIC_0032690.jpg,High Risk,High Risk,0.5103580355644226
data\processed\images_to_train\resnet\test\ISIC_0032918.jpg,High Risk,High Risk,0.5135902762413025
data\processed\images_to_train\resnet\test\ISIC_0034173.jpg,High Risk,Low Risk,0.4260964095592499
data\processed\images_to_train\resnet\test\ISIC_0033454.jpg,High Risk,Low Risk,0.35896608233451843
data\processed\images_to_train\resnet\test\ISIC_0026081.jpg,High Risk,Low Risk,0.324832558631897
data\processed\images_to_train\resnet\test\ISIC_0032424.jpg,High Risk,Low Risk,0.4920979142189026
data\processed\images_to_train\resnet\test\ISIC_0028584.jpg,High Risk,Low Risk,0.37832459807395935
data\processed\images_to_train\resnet\test\ISIC_0027838.jpg,High Risk,Low Risk,0.04869233816862106
data\processed\images_to_train\resnet\test\ISIC_0028463.jpg,High Risk,High Risk,0.6445649862289429
data\processed\images_to_train\resnet\test\ISIC_0024962.jpg,High Risk,Low Risk,0.39131391048431396
data\processed\images_to_train\resnet\test\ISIC_0024823.jpg,High Risk,Low Risk,0.35799887776374817
data\processed\images_to_train\resnet\test\ISIC_0032110.jpg,High Risk,Low Risk,0.4176860451698303
data\processed\images_to_train\resnet\test\ISIC_0026500.jpg,High Risk,Low Risk,0.4369986951351166
data\processed\images_to_train\resnet\test\ISIC_0025512.jpg,High Risk,High Risk,0.6916811466217041
data\processed\images_to_train\resnet\test\ISIC_0024999.jpg,High Risk,High Risk,0.6925314664840698
data\processed\images_to_train\resnet\test\ISIC_0027669.jpg,High Risk,High Risk,0.5223039984703064
data\processed\images_to_train\resnet\test\ISIC_0031795.jpg,High Risk,High Risk,0.6115954518318176
data\processed\images_to_train\resnet\test\ISIC_0025085.jpg,High Risk,Low Risk,0.15633773803710938
data\processed\images_to_train\resnet\test\ISIC_0031034.jpg,High Risk,Low Risk,0.1901056319475174
data\processed\images_to_train\resnet\test\ISIC_0032134.jpg,High Risk,Low Risk,0.36456191539764404
data\processed\images_to_train\resnet\test\ISIC_0028114.jpg,High Risk,Low Risk,0.3640090525150299
data\processed\images_to_train\resnet\test\ISIC_0027673.jpg,High Risk,Low Risk,0.3662150800228119
data\processed\images_to_train\resnet\test\ISIC_0028965.jpg,High Risk,High Risk,0.5106633901596069
data\processed\images_to_train\resnet\test\ISIC_0030356.jpg,High Risk,Low Risk,0.030544470995664597
data\processed\images_to_train\resnet\test\ISIC_0028051.jpg,High Risk,Low Risk,0.4520547091960907
data\processed\images_to_train\resnet\test\ISIC_0030501.jpg,High Risk,Low Risk,0.4748421013355255
data\processed\images_to_train\resnet\test\ISIC_0028288.jpg,High Risk,Low Risk,0.2882083058357239
data\processed\images_to_train\resnet\test\ISIC_0025268.jpg,High Risk,Low Risk,0.20707350969314575
data\processed\images_to_train\resnet\test\ISIC_0025755.jpg,High Risk,Low Risk,0.3377830982208252
data\processed\images_to_train\resnet\test\ISIC_0027071.jpg,High Risk,Low Risk,0.4666973948478699
data\processed\images_to_train\resnet\test\ISIC_0029780.jpg,High Risk,Low Risk,0.4379606246948242
data\processed\images_to_train\resnet\test\ISIC_0028929.jpg,High Risk,Low Risk,0.43429529666900635
data\processed\images_to_train\resnet\test\ISIC_0026746.jpg,High Risk,Low Risk,0.31279540061950684
data\processed\images_to_train\resnet\test\ISIC_0030910.jpg,High Risk,Low Risk,0.2621955871582031
data\processed\images_to_train\resnet\test\ISIC_0029238.jpg,High Risk,Low Risk,0.2793413996696472
data\processed\images_to_train\resnet\test\ISIC_0032504.jpg,High Risk,High Risk,0.621932327747345
data\processed\images_to_train\resnet\test\ISIC_0027956.jpg,High Risk,Low Risk,0.3651224970817566
data\processed\images_to_train\resnet\test\ISIC_0031931.jpg,High Risk,High Risk,0.6404857039451599
data\processed\images_to_train\resnet\test\ISIC_0026558.jpg,High Risk,Low Risk,0.25436389446258545
data\processed\images_to_train\resnet\test\ISIC_0029271.jpg,High Risk,Low Risk,0.24856002628803253
data\processed\images_to_train\resnet\test\ISIC_0028033.jpg,High Risk,Low Risk,0.4108760356903076
data\processed\images_to_train\resnet\test\ISIC_0032204.jpg,High Risk,Low Risk,0.3294246196746826
data\processed\images_to_train\resnet\test\ISIC_0032095.jpg,High Risk,Low Risk,0.31467175483703613
data\processed\images_to_train\resnet\test\ISIC_0031778.jpg,High Risk,Low Risk,0.37687948346138
data\processed\images_to_train\resnet\test\ISIC_0026258.jpg,High Risk,Low Risk,0.11829039454460144
data\processed\images_to_train\resnet\test\ISIC_0025235.jpg,High Risk,Low Risk,0.13920144736766815
data\processed\images_to_train\resnet\test\ISIC_0025500.jpg,High Risk,Low Risk,0.3682772219181061
data\processed\images_to_train\resnet\test\ISIC_0030277.jpg,High Risk,Low Risk,0.3627485930919647
data\processed\images_to_train\resnet\test\ISIC_0027832.jpg,High Risk,Low Risk,0.36215680837631226
data\processed\images_to_train\resnet\test\ISIC_0031217.jpg,Low Risk,Low Risk,0.2712429165840149
data\processed\images_to_train\resnet\test\ISIC_0025599.jpg,Low Risk,Low Risk,0.23943373560905457
data\processed\images_to_train\resnet\test\ISIC_0028714.jpg,Low Risk,Low Risk,0.3282466232776642
data\processed\images_to_train\resnet\test\ISIC_0030956.jpg,Low Risk,Low Risk,0.20945869386196136
data\processed\images_to_train\resnet\test\ISIC_0026163.jpg,Low Risk,Low Risk,0.25991734862327576
data\processed\images_to_train\resnet\test\ISIC_0025807.jpg,Low Risk,Low Risk,0.3741258978843689
data\processed\images_to_train\resnet\test\ISIC_0033135.jpg,Low Risk,High Risk,0.539828896522522
data\processed\images_to_train\resnet\test\ISIC_0032538.jpg,Low Risk,Low Risk,0.45922115445137024
data\processed\images_to_train\resnet\test\ISIC_0033591.jpg,Low Risk,Low Risk,0.4023320972919464
data\processed\images_to_train\resnet\test\ISIC_0033230.jpg,Low Risk,High Risk,0.609611451625824
data\processed\images_to_train\resnet\test\ISIC_0033762.jpg,Low Risk,High Risk,0.7273122072219849
data\processed\images_to_train\resnet\test\ISIC_0034214.jpg,Low Risk,High Risk,0.5944268703460693
data\processed\images_to_train\resnet\test\ISIC_0033749.jpg,Low Risk,High Risk,0.5676196813583374
data\processed\images_to_train\resnet\test\ISIC_0034196.jpg,Low Risk,High Risk,0.6917048096656799
data\processed\images_to_train\resnet\test\ISIC_0031090.jpg,Low Risk,High Risk,0.5585702657699585
data\processed\images_to_train\resnet\test\ISIC_0026876.jpg,Low Risk,Low Risk,0.3561956584453583
data\processed\images_to_train\resnet\test\ISIC_0030606.jpg,Low Risk,Low Risk,0.19110558927059174
data\processed\images_to_train\resnet\test\ISIC_0025873.jpg,Low Risk,Low Risk,0.3462870419025421
data\processed\images_to_train\resnet\test\ISIC_0024867.jpg,Low Risk,Low Risk,0.06016656011343002
data\processed\images_to_train\resnet\test\ISIC_0027937.jpg,Low Risk,Low Risk,0.3495144248008728
data\processed\images_to_train\resnet\test\ISIC_0025425.jpg,Low Risk,Low Risk,0.08448544889688492
data\processed\images_to_train\resnet\test\ISIC_0026068.jpg,Low Risk,Low Risk,0.12515775859355927
data\processed\images_to_train\resnet\test\ISIC_0031943.jpg,High Risk,High Risk,0.5636150240898132
data\processed\images_to_train\resnet\test\ISIC_0027865.jpg,High Risk,Low Risk,0.44532641768455505
data\processed\images_to_train\resnet\test\ISIC_0027433.jpg,High Risk,High Risk,0.5683881640434265
data\processed\images_to_train\resnet\test\ISIC_0029515.jpg,High Risk,High Risk,0.6889180541038513
data\processed\images_to_train\resnet\test\ISIC_0030271.jpg,High Risk,Low Risk,0.3786329925060272
data\processed\images_to_train\resnet\test\ISIC_0026643.jpg,High Risk,Low Risk,0.49517038464546204
data\processed\images_to_train\resnet\test\ISIC_0030349.jpg,High Risk,Low Risk,0.3004693388938904
data\processed\images_to_train\resnet\test\ISIC_0026091.jpg,High Risk,High Risk,0.5266909599304199
data\processed\images_to_train\resnet\test\ISIC_0034160.jpg,High Risk,Low Risk,0.14230723679065704
data\processed\images_to_train\resnet\test\ISIC_0028980.jpg,High Risk,Low Risk,0.4639183282852173
data\processed\images_to_train\resnet\test\ISIC_0027786.jpg,High Risk,Low Risk,0.27636244893074036
data\processed\images_to_train\resnet\test\ISIC_0033666.jpg,High Risk,High Risk,0.6540844440460205
data\processed\images_to_train\resnet\test\ISIC_0033218.jpg,High Risk,High Risk,0.5218932032585144
data\processed\images_to_train\resnet\test\ISIC_0033054.jpg,High Risk,High Risk,0.6059747338294983
data\processed\images_to_train\resnet\test\ISIC_0029192.jpg,High Risk,High Risk,0.6034973859786987
data\processed\images_to_train\resnet\test\ISIC_0033248.jpg,High Risk,High Risk,0.574976921081543
data\processed\images_to_train\resnet\test\ISIC_0025617.jpg,High Risk,Low Risk,0.4423278272151947
data\processed\images_to_train\resnet\test\ISIC_0029564.jpg,High Risk,Low Risk,0.1949254274368286
data\processed\images_to_train\resnet\test\ISIC_0031698.jpg,High Risk,High Risk,0.5166231393814087
data\processed\images_to_train\resnet\test\ISIC_0025417.jpg,High Risk,High Risk,0.5180389285087585
data\processed\images_to_train\resnet\test\ISIC_0028035.jpg,High Risk,High Risk,0.6550045013427734
data\processed\images_to_train\resnet\test\ISIC_0026716.jpg,High Risk,High Risk,0.5120811462402344
data\processed\images_to_train\resnet\test\ISIC_0025971.jpg,High Risk,High Risk,0.6241992712020874
data\processed\images_to_train\resnet\test\ISIC_0027531.jpg,High Risk,High Risk,0.5773533582687378
data\processed\images_to_train\resnet\test\ISIC_0024331.jpg,High Risk,Low Risk,0.4094419479370117
data\processed\images_to_train\resnet\test\ISIC_0029391.jpg,High Risk,Low Risk,0.44278013706207275
data\processed\images_to_train\resnet\test\ISIC_0030403.jpg,High Risk,Low Risk,0.4109310209751129
data\processed\images_to_train\resnet\test\ISIC_0024595.jpg,High Risk,High Risk,0.5592326521873474
data\processed\images_to_train\resnet\test\ISIC_0029129.jpg,High Risk,High Risk,0.5741010904312134
data\processed\images_to_train\resnet\test\ISIC_0026855.jpg,High Risk,Low Risk,0.235712930560112
data\processed\images_to_train\resnet\test\ISIC_0025975.jpg,High Risk,Low Risk,0.41684550046920776
data\processed\images_to_train\resnet\test\ISIC_0028937.jpg,High Risk,High Risk,0.5764330625534058
data\processed\images_to_train\resnet\test\ISIC_0028113.jpg,High Risk,High Risk,0.6208427548408508
data\processed\images_to_train\resnet\test\ISIC_0032307.jpg,High Risk,High Risk,0.6082364320755005
data\processed\images_to_train\resnet\test\ISIC_0024799.jpg,High Risk,Low Risk,0.41592368483543396
data\processed\images_to_train\resnet\test\ISIC_0025601.jpg,High Risk,Low Risk,0.4331193268299103
data\processed\images_to_train\resnet\test\ISIC_0032461.jpg,High Risk,Low Risk,0.4469754695892334
data\processed\images_to_train\resnet\test\ISIC_0029524.jpg,High Risk,High Risk,0.5331799387931824
data\processed\images_to_train\resnet\test\ISIC_0028050.jpg,High Risk,Low Risk,0.4963458478450775
data\processed\images_to_train\resnet\test\ISIC_0031056.jpg,High Risk,Low Risk,0.4765273928642273
data\processed\images_to_train\resnet\test\ISIC_0024461.jpg,High Risk,High Risk,0.5249412059783936
data\processed\images_to_train\resnet\test\ISIC_0030526.jpg,High Risk,Low Risk,0.4475889205932617
data\processed\images_to_train\resnet\test\ISIC_0025530.jpg,High Risk,High Risk,0.6848132610321045
data\processed\images_to_train\resnet\test\ISIC_0025630.jpg,High Risk,Low Risk,0.4769614636898041
data\processed\images_to_train\resnet\test\ISIC_0027525.jpg,High Risk,High Risk,0.5252442955970764
data\processed\images_to_train\resnet\test\ISIC_0024550.jpg,High Risk,High Risk,0.5941577553749084
data\processed\images_to_train\resnet\test\ISIC_0029919.jpg,High Risk,High Risk,0.5998826622962952
data\processed\images_to_train\resnet\test\ISIC_0029053.jpg,High Risk,High Risk,0.6526048183441162
data\processed\images_to_train\resnet\test\ISIC_0025818.jpg,High Risk,Low Risk,0.2970119118690491
data\processed\images_to_train\resnet\test\ISIC_0030746.jpg,High Risk,Low Risk,0.2627085745334625
data\processed\images_to_train\resnet\test\ISIC_0028122.jpg,High Risk,Low Risk,0.37485048174858093
data\processed\images_to_train\resnet\test\ISIC_0027675.jpg,High Risk,Low Risk,0.49908149242401123
data\processed\images_to_train\resnet\test\ISIC_0027788.jpg,High Risk,High Risk,0.5056955814361572
data\processed\images_to_train\resnet\test\ISIC_0025031.jpg,High Risk,Low Risk,0.4452177584171295
data\processed\images_to_train\resnet\test\ISIC_0028542.jpg,High Risk,High Risk,0.6418138742446899
data\processed\images_to_train\resnet\test\ISIC_0031503.jpg,Low Risk,Low Risk,0.02120056003332138
data\processed\images_to_train\resnet\test\ISIC_0024415.jpg,Low Risk,Low Risk,0.038203250616788864
data\processed\images_to_train\resnet\test\ISIC_0025311.jpg,Low Risk,Low Risk,0.013396278023719788
data\processed\images_to_train\resnet\test\ISIC_0031282.jpg,Low Risk,Low Risk,0.014918137341737747
data\processed\images_to_train\resnet\test\ISIC_0032226.jpg,Low Risk,Low Risk,0.23716120421886444
data\processed\images_to_train\resnet\test\ISIC_0029347.jpg,Low Risk,Low Risk,0.14402583241462708
data\processed\images_to_train\resnet\test\ISIC_0028727.jpg,Low Risk,Low Risk,0.04399162530899048
data\processed\images_to_train\resnet\test\ISIC_0028455.jpg,Low Risk,Low Risk,0.0012574986321851611
data\processed\images_to_train\resnet\test\ISIC_0024535.jpg,Low Risk,Low Risk,0.00777998473495245
data\processed\images_to_train\resnet\test\ISIC_0024828.jpg,Low Risk,Low Risk,0.0009226032998412848
data\processed\images_to_train\resnet\test\ISIC_0024364.jpg,Low Risk,Low Risk,0.035014353692531586
data\processed\images_to_train\resnet\test\ISIC_0026011.jpg,Low Risk,Low Risk,0.06049654632806778
data\processed\images_to_train\resnet\test\ISIC_0027479.jpg,Low Risk,Low Risk,0.013034469448029995
data\processed\images_to_train\resnet\test\ISIC_0027944.jpg,Low Risk,Low Risk,0.006192672997713089
data\processed\images_to_train\resnet\test\ISIC_0028480.jpg,Low Risk,Low Risk,0.0909993126988411
data\processed\images_to_train\resnet\test\ISIC_0031895.jpg,Low Risk,Low Risk,0.10428564250469208
data\processed\images_to_train\resnet\test\ISIC_0026641.jpg,Low Risk,Low Risk,0.001822656486183405
data\processed\images_to_train\resnet\test\ISIC_0028185.jpg,Low Risk,Low Risk,0.00040847028139978647
data\processed\images_to_train\resnet\test\ISIC_0030148.jpg,Low Risk,Low Risk,0.07543769478797913
data\processed\images_to_train\resnet\test\ISIC_0029540.jpg,Low Risk,Low Risk,0.0015052460366860032
data\processed\images_to_train\resnet\test\ISIC_0028924.jpg,Low Risk,Low Risk,0.006631414871662855
data\processed\images_to_train\resnet\test\ISIC_0030918.jpg,Low Risk,Low Risk,0.02030053548514843
data\processed\images_to_train\resnet\test\ISIC_0032391.jpg,Low Risk,Low Risk,0.026149960234761238
data\processed\images_to_train\resnet\test\ISIC_0029373.jpg,Low Risk,Low Risk,0.003126758150756359
data\processed\images_to_train\resnet\test\ISIC_0031332.jpg,Low Risk,Low Risk,0.025067497044801712
data\processed\images_to_train\resnet\test\ISIC_0030573.jpg,Low Risk,Low Risk,0.017183199524879456
data\processed\images_to_train\resnet\test\ISIC_0032153.jpg,Low Risk,Low Risk,0.014564822427928448
data\processed\images_to_train\resnet\test\ISIC_0027836.jpg,Low Risk,Low Risk,0.07027456164360046
data\processed\images_to_train\resnet\test\ISIC_0026242.jpg,Low Risk,Low Risk,0.27145078778266907
data\processed\images_to_train\resnet\test\ISIC_0026682.jpg,Low Risk,Low Risk,0.03376711159944534
data\processed\images_to_train\resnet\test\ISIC_0025205.jpg,Low Risk,Low Risk,0.0005188235081732273
data\processed\images_to_train\resnet\test\ISIC_0030470.jpg,Low Risk,Low Risk,0.42831507325172424
data\processed\images_to_train\resnet\test\ISIC_0027816.jpg,Low Risk,Low Risk,0.1067698746919632
data\processed\images_to_train\resnet\test\ISIC_0028539.jpg,Low Risk,Low Risk,0.0773005336523056
data\processed\images_to_train\resnet\test\ISIC_0031229.jpg,Low Risk,Low Risk,0.03907095268368721
data\processed\images_to_train\resnet\test\ISIC_0025558.jpg,Low Risk,Low Risk,0.11702084541320801
data\processed\images_to_train\resnet\test\ISIC_0028888.jpg,Low Risk,Low Risk,0.3761765658855438
data\processed\images_to_train\resnet\test\ISIC_0024473.jpg,Low Risk,Low Risk,0.041691843420267105
data\processed\images_to_train\resnet\test\ISIC_0029633.jpg,Low Risk,Low Risk,0.023189807310700417
data\processed\images_to_train\resnet\test\ISIC_0027763.jpg,Low Risk,Low Risk,3.0622308258898556e-05
data\processed\images_to_train\resnet\test\ISIC_0027572.jpg,Low Risk,Low Risk,0.012130049988627434
data\processed\images_to_train\resnet\test\ISIC_0026836.jpg,Low Risk,Low Risk,0.1102890595793724
data\processed\images_to_train\resnet\test\ISIC_0028694.jpg,Low Risk,Low Risk,0.09752322733402252
data\processed\images_to_train\resnet\test\ISIC_0026613.jpg,Low Risk,Low Risk,0.03541446849703789
data\processed\images_to_train\resnet\test\ISIC_0024788.jpg,Low Risk,Low Risk,0.014434495940804482
data\processed\images_to_train\resnet\test\ISIC_0028975.jpg,Low Risk,Low Risk,0.015565501525998116
data\processed\images_to_train\resnet\test\ISIC_0024863.jpg,Low Risk,Low Risk,0.07237035781145096
data\processed\images_to_train\resnet\test\ISIC_0026594.jpg,Low Risk,Low Risk,0.364943265914917
data\processed\images_to_train\resnet\test\ISIC_0027276.jpg,Low Risk,Low Risk,0.14925865828990936
data\processed\images_to_train\resnet\test\ISIC_0029675.jpg,Low Risk,Low Risk,0.02430354803800583
data\processed\images_to_train\resnet\test\ISIC_0028175.jpg,Low Risk,Low Risk,0.028706418350338936
data\processed\images_to_train\resnet\test\ISIC_0027375.jpg,Low Risk,Low Risk,0.001719592371955514
data\processed\images_to_train\resnet\test\ISIC_0031534.jpg,Low Risk,Low Risk,0.0005076362867839634
data\processed\images_to_train\resnet\test\ISIC_0027564.jpg,Low Risk,Low Risk,0.006776830647140741
data\processed\images_to_train\resnet\test\ISIC_0030289.jpg,Low Risk,Low Risk,0.00023329905525315553
data\processed\images_to_train\resnet\test\ISIC_0032321.jpg,Low Risk,Low Risk,0.03863215819001198
data\processed\images_to_train\resnet\test\ISIC_0026136.jpg,Low Risk,Low Risk,0.03385268151760101
data\processed\images_to_train\resnet\test\ISIC_0025080.jpg,Low Risk,Low Risk,0.07540322840213776
data\processed\images_to_train\resnet\test\ISIC_0031461.jpg,Low Risk,Low Risk,0.0446392260491848
data\processed\images_to_train\resnet\test\ISIC_0032162.jpg,Low Risk,Low Risk,0.004533910192549229
data\processed\images_to_train\resnet\test\ISIC_0025375.jpg,Low Risk,Low Risk,0.02400830015540123
data\processed\images_to_train\resnet\test\ISIC_0026460.jpg,Low Risk,Low Risk,0.03364621847867966
data\processed\images_to_train\resnet\test\ISIC_0028428.jpg,Low Risk,Low Risk,0.014337846077978611
data\processed\images_to_train\resnet\test\ISIC_0028836.jpg,Low Risk,Low Risk,0.05358177796006203
data\processed\images_to_train\resnet\test\ISIC_0032228.jpg,Low Risk,Low Risk,0.04849368333816528
data\processed\images_to_train\resnet\test\ISIC_0031437.jpg,Low Risk,Low Risk,0.017404628917574883
data\processed\images_to_train\resnet\test\ISIC_0028813.jpg,Low Risk,Low Risk,0.0031163813546299934
data\processed\images_to_train\resnet\test\ISIC_0027597.jpg,Low Risk,Low Risk,0.4458251893520355
data\processed\images_to_train\resnet\test\ISIC_0028299.jpg,Low Risk,Low Risk,0.09264583885669708
data\processed\images_to_train\resnet\test\ISIC_0024803.jpg,Low Risk,Low Risk,0.02503856085240841
data\processed\images_to_train\resnet\test\ISIC_0025104.jpg,Low Risk,Low Risk,0.04119037836790085
data\processed\images_to_train\resnet\test\ISIC_0024523.jpg,Low Risk,Low Risk,0.00629470543935895
data\processed\images_to_train\resnet\test\ISIC_0028349.jpg,Low Risk,Low Risk,0.055143989622592926
data\processed\images_to_train\resnet\test\ISIC_0027156.jpg,Low Risk,Low Risk,0.2766823470592499
data\processed\images_to_train\resnet\test\ISIC_0030332.jpg,Low Risk,Low Risk,0.03603467345237732
data\processed\images_to_train\resnet\test\ISIC_0031364.jpg,Low Risk,Low Risk,0.12872807681560516
data\processed\images_to_train\resnet\test\ISIC_0026875.jpg,Low Risk,Low Risk,0.07487328350543976
data\processed\images_to_train\resnet\test\ISIC_0026201.jpg,Low Risk,Low Risk,0.045617830008268356
data\processed\images_to_train\resnet\test\ISIC_0025090.jpg,Low Risk,Low Risk,0.12587928771972656
data\processed\images_to_train\resnet\test\ISIC_0031504.jpg,Low Risk,Low Risk,0.07314348965883255
data\processed\images_to_train\resnet\test\ISIC_0024322.jpg,Low Risk,Low Risk,0.05750604346394539
data\processed\images_to_train\resnet\test\ISIC_0030679.jpg,Low Risk,Low Risk,0.09780344367027283
data\processed\images_to_train\resnet\test\ISIC_0032336.jpg,Low Risk,Low Risk,0.04388021305203438
data\processed\images_to_train\resnet\test\ISIC_0026129.jpg,Low Risk,Low Risk,0.2026934027671814
data\processed\images_to_train\resnet\test\ISIC_0030237.jpg,Low Risk,Low Risk,0.08614720404148102
data\processed\images_to_train\resnet\test\ISIC_0032263.jpg,Low Risk,Low Risk,0.10834658890962601
data\processed\images_to_train\resnet\test\ISIC_0032241.jpg,Low Risk,Low Risk,0.2530342936515808
data\processed\images_to_train\resnet\test\ISIC_0029388.jpg,Low Risk,Low Risk,0.01889730989933014
data\processed\images_to_train\resnet\test\ISIC_0031231.jpg,Low Risk,Low Risk,0.038420338183641434
data\processed\images_to_train\resnet\test\ISIC_0030481.jpg,Low Risk,Low Risk,0.08745080977678299
data\processed\images_to_train\resnet\test\ISIC_0028609.jpg,Low Risk,Low Risk,0.034534770995378494
data\processed\images_to_train\resnet\test\ISIC_0030509.jpg,Low Risk,Low Risk,0.20540066063404083
data\processed\images_to_train\resnet\test\ISIC_0026267.jpg,Low Risk,Low Risk,0.22415627539157867
data\processed\images_to_train\resnet\test\ISIC_0027736.jpg,Low Risk,Low Risk,0.013701993972063065
data\processed\images_to_train\resnet\test\ISIC_0028770.jpg,Low Risk,Low Risk,0.39873206615448
data\processed\images_to_train\resnet\test\ISIC_0025929.jpg,Low Risk,Low Risk,0.05983564630150795
data\processed\images_to_train\resnet\test\ISIC_0024404.jpg,Low Risk,Low Risk,0.14168821275234222
data\processed\images_to_train\resnet\test\ISIC_0031097.jpg,Low Risk,Low Risk,0.12336413562297821
data\processed\images_to_train\resnet\test\ISIC_0030518.jpg,Low Risk,Low Risk,0.19292224943637848
data\processed\images_to_train\resnet\test\ISIC_0030484.jpg,Low Risk,Low Risk,0.08481486141681671
data\processed\images_to_train\resnet\test\ISIC_0029706.jpg,Low Risk,Low Risk,0.03834967315196991
data\processed\images_to_train\resnet\test\ISIC_0029798.jpg,Low Risk,Low Risk,0.28477030992507935
data\processed\images_to_train\resnet\test\ISIC_0026253.jpg,Low Risk,Low Risk,0.05225009843707085
data\processed\images_to_train\resnet\test\ISIC_0024957.jpg,Low Risk,Low Risk,0.24898049235343933
data\processed\images_to_train\resnet\test\ISIC_0030815.jpg,Low Risk,Low Risk,0.11967919766902924
data\processed\images_to_train\resnet\test\ISIC_0027080.jpg,Low Risk,Low Risk,0.024330422282218933
data\processed\images_to_train\resnet\test\ISIC_0027775.jpg,Low Risk,Low Risk,0.05134586989879608
data\processed\images_to_train\resnet\test\ISIC_0028279.jpg,Low Risk,Low Risk,0.0006206074031069875
data\processed\images_to_train\resnet\test\ISIC_0024778.jpg,Low Risk,Low Risk,0.05494258552789688
data\processed\images_to_train\resnet\test\ISIC_0029748.jpg,Low Risk,Low Risk,0.08137039840221405
data\processed\images_to_train\resnet\test\ISIC_0027901.jpg,Low Risk,Low Risk,0.06142456457018852
data\processed\images_to_train\resnet\test\ISIC_0030866.jpg,Low Risk,Low Risk,0.12894709408283234
data\processed\images_to_train\resnet\test\ISIC_0031998.jpg,Low Risk,Low Risk,0.06461396813392639
data\processed\images_to_train\resnet\test\ISIC_0026240.jpg,Low Risk,Low Risk,0.1981678158044815
data\processed\images_to_train\resnet\test\ISIC_0026624.jpg,Low Risk,Low Risk,0.08143147081136703
data\processed\images_to_train\resnet\test\ISIC_0032050.jpg,Low Risk,Low Risk,0.0768582746386528
data\processed\images_to_train\resnet\test\ISIC_0025792.jpg,Low Risk,Low Risk,0.05642469972372055
data\processed\images_to_train\resnet\test\ISIC_0026064.jpg,Low Risk,Low Risk,0.14540836215019226
data\processed\images_to_train\resnet\test\ISIC_0029695.jpg,Low Risk,Low Risk,0.09112843126058578
data\processed\images_to_train\resnet\test\ISIC_0024796.jpg,Low Risk,Low Risk,0.12613093852996826
data\processed\images_to_train\resnet\test\ISIC_0027056.jpg,Low Risk,Low Risk,0.10115014761686325
data\processed\images_to_train\resnet\test\ISIC_0030402.jpg,Low Risk,Low Risk,0.06315024197101593
data\processed\images_to_train\resnet\test\ISIC_0029844.jpg,Low Risk,Low Risk,0.063889279961586
data\processed\images_to_train\resnet\test\ISIC_0030265.jpg,Low Risk,Low Risk,0.3317623734474182
data\processed\images_to_train\resnet\test\ISIC_0032500.jpg,Low Risk,Low Risk,0.08488737046718597
data\processed\images_to_train\resnet\test\ISIC_0024570.jpg,Low Risk,Low Risk,0.10522308945655823
data\processed\images_to_train\resnet\test\ISIC_0028552.jpg,Low Risk,Low Risk,0.3500223755836487
data\processed\images_to_train\resnet\test\ISIC_0024965.jpg,Low Risk,Low Risk,0.13860364258289337
data\processed\images_to_train\resnet\test\ISIC_0026727.jpg,Low Risk,Low Risk,0.01573198474943638
data\processed\images_to_train\resnet\test\ISIC_0030373.jpg,Low Risk,Low Risk,0.34747374057769775
data\processed\images_to_train\resnet\test\ISIC_0025549.jpg,Low Risk,Low Risk,0.05042804032564163
data\processed\images_to_train\resnet\test\ISIC_0032320.jpg,Low Risk,Low Risk,0.12137850373983383
data\processed\images_to_train\resnet\test\ISIC_0027214.jpg,Low Risk,Low Risk,0.014086847193539143
data\processed\images_to_train\resnet\test\ISIC_0025997.jpg,Low Risk,Low Risk,0.04562879353761673
data\processed\images_to_train\resnet\test\ISIC_0024362.jpg,Low Risk,Low Risk,0.03628508001565933
data\processed\images_to_train\resnet\test\ISIC_0027353.jpg,Low Risk,Low Risk,0.08860299736261368
data\processed\images_to_train\resnet\test\ISIC_0028616.jpg,Low Risk,Low Risk,0.08877947926521301
data\processed\images_to_train\resnet\test\ISIC_0025736.jpg,Low Risk,Low Risk,0.06539132446050644
data\processed\images_to_train\resnet\test\ISIC_0028514.jpg,Low Risk,Low Risk,0.1683228462934494
data\processed\images_to_train\resnet\test\ISIC_0030166.jpg,Low Risk,Low Risk,0.01909700222313404
data\processed\images_to_train\resnet\test\ISIC_0032049.jpg,Low Risk,Low Risk,0.12402569502592087
data\processed\images_to_train\resnet\test\ISIC_0025272.jpg,Low Risk,Low Risk,0.04002305865287781
data\processed\images_to_train\resnet\test\ISIC_0032499.jpg,Low Risk,Low Risk,0.12947359681129456
data\processed\images_to_train\resnet\test\ISIC_0025060.jpg,Low Risk,Low Risk,0.04739401862025261
data\processed\images_to_train\resnet\test\ISIC_0025241.jpg,Low Risk,Low Risk,0.1213783323764801
data\processed\images_to_train\resnet\test\ISIC_0025561.jpg,Low Risk,Low Risk,0.1770598441362381
data\processed\images_to_train\resnet\test\ISIC_0031763.jpg,Low Risk,Low Risk,0.057024288922548294
data\processed\images_to_train\resnet\test\ISIC_0027116.jpg,Low Risk,Low Risk,0.088218554854393
data\processed\images_to_train\resnet\test\ISIC_0029485.jpg,Low Risk,Low Risk,0.0815776064991951
data\processed\images_to_train\resnet\test\ISIC_0027191.jpg,Low Risk,Low Risk,0.47797176241874695
data\processed\images_to_train\resnet\test\ISIC_0025704.jpg,Low Risk,Low Risk,0.1308778077363968
data\processed\images_to_train\resnet\test\ISIC_0026838.jpg,Low Risk,Low Risk,0.07458561658859253
data\processed\images_to_train\resnet\test\ISIC_0029016.jpg,Low Risk,Low Risk,0.04531668499112129
data\processed\images_to_train\resnet\test\ISIC_0025717.jpg,Low Risk,Low Risk,0.08911452442407608
data\processed\images_to_train\resnet\test\ISIC_0029968.jpg,Low Risk,Low Risk,0.22874093055725098
data\processed\images_to_train\resnet\test\ISIC_0028322.jpg,Low Risk,Low Risk,0.03373051434755325
data\processed\images_to_train\resnet\test\ISIC_0029684.jpg,Low Risk,Low Risk,0.12013203650712967
data\processed\images_to_train\resnet\test\ISIC_0032276.jpg,Low Risk,Low Risk,0.2072523534297943
data\processed\images_to_train\resnet\test\ISIC_0031112.jpg,Low Risk,Low Risk,0.0768323689699173
data\processed\images_to_train\resnet\test\ISIC_0025560.jpg,Low Risk,Low Risk,0.05713184177875519
data\processed\images_to_train\resnet\test\ISIC_0027785.jpg,Low Risk,Low Risk,0.15923474729061127
data\processed\images_to_train\resnet\test\ISIC_0026550.jpg,Low Risk,Low Risk,0.10007767379283905
data\processed\images_to_train\resnet\test\ISIC_0031244.jpg,Low Risk,Low Risk,0.05600191652774811
data\processed\images_to_train\resnet\test\ISIC_0026143.jpg,Low Risk,Low Risk,0.14983390271663666
data\processed\images_to_train\resnet\test\ISIC_0024779.jpg,Low Risk,Low Risk,0.25000566244125366
data\processed\images_to_train\resnet\test\ISIC_0031793.jpg,Low Risk,Low Risk,0.20549270510673523
data\processed\images_to_train\resnet\test\ISIC_0029503.jpg,Low Risk,Low Risk,0.05457010120153427
data\processed\images_to_train\resnet\test\ISIC_0031492.jpg,Low Risk,Low Risk,0.12566925585269928
data\processed\images_to_train\resnet\test\ISIC_0025258.jpg,Low Risk,Low Risk,0.022110603749752045
data\processed\images_to_train\resnet\test\ISIC_0025107.jpg,Low Risk,Low Risk,0.04362993687391281
data\processed\images_to_train\resnet\test\ISIC_0031928.jpg,Low Risk,Low Risk,0.03118734247982502
data\processed\images_to_train\resnet\test\ISIC_0031669.jpg,Low Risk,Low Risk,0.26572030782699585
data\processed\images_to_train\resnet\test\ISIC_0029414.jpg,Low Risk,Low Risk,0.05786082148551941
data\processed\images_to_train\resnet\test\ISIC_0026155.jpg,Low Risk,Low Risk,0.3887014389038086
data\processed\images_to_train\resnet\test\ISIC_0028407.jpg,Low Risk,Low Risk,0.022426601499319077
data\processed\images_to_train\resnet\test\ISIC_0029137.jpg,Low Risk,Low Risk,0.14766813814640045
data\processed\images_to_train\resnet\test\ISIC_0025935.jpg,Low Risk,Low Risk,0.04175795614719391
data\processed\images_to_train\resnet\test\ISIC_0032252.jpg,Low Risk,Low Risk,0.1873638927936554
data\processed\images_to_train\resnet\test\ISIC_0026162.jpg,Low Risk,Low Risk,0.05169302970170975
data\processed\images_to_train\resnet\test\ISIC_0026380.jpg,Low Risk,Low Risk,0.08919667452573776
data\processed\images_to_train\resnet\test\ISIC_0027602.jpg,Low Risk,Low Risk,0.06521017104387283
data\processed\images_to_train\resnet\test\ISIC_0029852.jpg,Low Risk,Low Risk,0.17673395574092865
data\processed\images_to_train\resnet\test\ISIC_0027372.jpg,Low Risk,Low Risk,0.06505690515041351
data\processed\images_to_train\resnet\test\ISIC_0030222.jpg,Low Risk,Low Risk,0.16525933146476746
data\processed\images_to_train\resnet\test\ISIC_0031235.jpg,Low Risk,Low Risk,0.20272696018218994
data\processed\images_to_train\resnet\test\ISIC_0029086.jpg,Low Risk,Low Risk,0.052034344524145126
data\processed\images_to_train\resnet\test\ISIC_0024460.jpg,Low Risk,Low Risk,0.002163894707337022
data\processed\images_to_train\resnet\test\ISIC_0026535.jpg,Low Risk,Low Risk,0.09294202923774719
data\processed\images_to_train\resnet\test\ISIC_0024536.jpg,Low Risk,Low Risk,0.16151797771453857
data\processed\images_to_train\resnet\test\ISIC_0031022.jpg,Low Risk,Low Risk,0.06542816758155823
data\processed\images_to_train\resnet\test\ISIC_0029019.jpg,Low Risk,Low Risk,0.07944341003894806
data\processed\images_to_train\resnet\test\ISIC_0025913.jpg,Low Risk,Low Risk,0.02161136455833912
data\processed\images_to_train\resnet\test\ISIC_0028382.jpg,Low Risk,Low Risk,0.046247515827417374
data\processed\images_to_train\resnet\test\ISIC_0025186.jpg,Low Risk,Low Risk,0.05195719003677368
data\processed\images_to_train\resnet\test\ISIC_0032401.jpg,Low Risk,Low Risk,0.049917712807655334
data\processed\images_to_train\resnet\test\ISIC_0029240.jpg,Low Risk,Low Risk,0.03578850254416466
data\processed\images_to_train\resnet\test\ISIC_0032010.jpg,Low Risk,Low Risk,0.13296711444854736
data\processed\images_to_train\resnet\test\ISIC_0030982.jpg,Low Risk,Low Risk,0.12764453887939453
data\processed\images_to_train\resnet\test\ISIC_0027059.jpg,Low Risk,Low Risk,0.09279190003871918
data\processed\images_to_train\resnet\test\ISIC_0025845.jpg,Low Risk,Low Risk,0.01106194220483303
data\processed\images_to_train\resnet\test\ISIC_0028374.jpg,Low Risk,Low Risk,0.06141815707087517
data\processed\images_to_train\resnet\test\ISIC_0025962.jpg,Low Risk,Low Risk,0.20773836970329285
data\processed\images_to_train\resnet\test\ISIC_0029692.jpg,Low Risk,Low Risk,0.20520704984664917
data\processed\images_to_train\resnet\test\ISIC_0025306.jpg,Low Risk,Low Risk,0.06029858812689781
data\processed\images_to_train\resnet\test\ISIC_0030577.jpg,Low Risk,Low Risk,0.07302507758140564
data\processed\images_to_train\resnet\test\ISIC_0029144.jpg,Low Risk,Low Risk,0.11543995887041092
data\processed\images_to_train\resnet\test\ISIC_0029590.jpg,Low Risk,Low Risk,0.19495786726474762
data\processed\images_to_train\resnet\test\ISIC_0029451.jpg,Low Risk,Low Risk,0.15766985714435577
data\processed\images_to_train\resnet\test\ISIC_0029990.jpg,Low Risk,Low Risk,0.30690479278564453
data\processed\images_to_train\resnet\test\ISIC_0024622.jpg,Low Risk,Low Risk,0.04419367015361786
data\processed\images_to_train\resnet\test\ISIC_0030506.jpg,Low Risk,Low Risk,0.25427693128585815
data\processed\images_to_train\resnet\test\ISIC_0029228.jpg,Low Risk,Low Risk,0.052173126488924026
data\processed\images_to_train\resnet\test\ISIC_0024506.jpg,Low Risk,Low Risk,0.06616145372390747
data\processed\images_to_train\resnet\test\ISIC_0031067.jpg,Low Risk,Low Risk,0.045919038355350494
data\processed\images_to_train\resnet\test\ISIC_0024558.jpg,Low Risk,Low Risk,0.0017775156302377582
data\processed\images_to_train\resnet\test\ISIC_0028096.jpg,Low Risk,Low Risk,0.14815743267536163
data\processed\images_to_train\resnet\test\ISIC_0029709.jpg,Low Risk,Low Risk,0.19925372302532196
data\processed\images_to_train\resnet\test\ISIC_0030474.jpg,Low Risk,Low Risk,0.0754392221570015
data\processed\images_to_train\resnet\test\ISIC_0031280.jpg,Low Risk,Low Risk,0.07811066508293152
data\processed\images_to_train\resnet\test\ISIC_0026508.jpg,Low Risk,Low Risk,0.13779015839099884
data\processed\images_to_train\resnet\test\ISIC_0025666.jpg,Low Risk,Low Risk,0.09770701080560684
data\processed\images_to_train\resnet\test\ISIC_0031758.jpg,Low Risk,Low Risk,0.20450833439826965
data\processed\images_to_train\resnet\test\ISIC_0030454.jpg,Low Risk,Low Risk,0.19386528432369232
data\processed\images_to_train\resnet\test\ISIC_0026504.jpg,Low Risk,Low Risk,0.042713064700365067
data\processed\images_to_train\resnet\test\ISIC_0028125.jpg,Low Risk,Low Risk,0.00461460230872035
data\processed\images_to_train\resnet\test\ISIC_0026284.jpg,Low Risk,Low Risk,0.14734309911727905
data\processed\images_to_train\resnet\test\ISIC_0031516.jpg,Low Risk,Low Risk,0.006617874838411808
data\processed\images_to_train\resnet\test\ISIC_0028708.jpg,Low Risk,Low Risk,0.12619180977344513
data\processed\images_to_train\resnet\test\ISIC_0029690.jpg,Low Risk,Low Risk,0.05324108526110649
data\processed\images_to_train\resnet\test\ISIC_0029981.jpg,Low Risk,Low Risk,0.11012805998325348
data\processed\images_to_train\resnet\test\ISIC_0026919.jpg,Low Risk,Low Risk,0.034390583634376526
data\processed\images_to_train\resnet\test\ISIC_0030012.jpg,Low Risk,Low Risk,0.06884641945362091
data\processed\images_to_train\resnet\test\ISIC_0029969.jpg,Low Risk,Low Risk,0.07949740439653397
data\processed\images_to_train\resnet\test\ISIC_0028697.jpg,Low Risk,Low Risk,0.05971011891961098
data\processed\images_to_train\resnet\test\ISIC_0030879.jpg,Low Risk,Low Risk,0.20825330913066864
data\processed\images_to_train\resnet\test\ISIC_0024600.jpg,Low Risk,Low Risk,0.07411664724349976
data\processed\images_to_train\resnet\test\ISIC_0028321.jpg,Low Risk,Low Risk,0.02532835677266121
data\processed\images_to_train\resnet\test\ISIC_0031096.jpg,Low Risk,Low Risk,0.1377040147781372
data\processed\images_to_train\resnet\test\ISIC_0025010.jpg,Low Risk,Low Risk,0.07526722550392151
data\processed\images_to_train\resnet\test\ISIC_0025269.jpg,Low Risk,Low Risk,0.058607786893844604
data\processed\images_to_train\resnet\test\ISIC_0028171.jpg,Low Risk,Low Risk,0.12183172255754471
data\processed\images_to_train\resnet\test\ISIC_0026898.jpg,Low Risk,Low Risk,0.18434938788414001
data\processed\images_to_train\resnet\test\ISIC_0029078.jpg,Low Risk,Low Risk,0.05127495899796486
data\processed\images_to_train\resnet\test\ISIC_0025176.jpg,Low Risk,Low Risk,0.02848062478005886
data\processed\images_to_train\resnet\test\ISIC_0026534.jpg,Low Risk,Low Risk,0.0558525025844574
data\processed\images_to_train\resnet\test\ISIC_0029154.jpg,Low Risk,Low Risk,0.03799306973814964
data\processed\images_to_train\resnet\test\ISIC_0027039.jpg,Low Risk,Low Risk,0.21261225640773773
data\processed\images_to_train\resnet\test\ISIC_0030992.jpg,Low Risk,Low Risk,0.0073078996501863
data\processed\images_to_train\resnet\test\ISIC_0025686.jpg,Low Risk,Low Risk,0.1580810397863388
data\processed\images_to_train\resnet\test\ISIC_0026146.jpg,Low Risk,Low Risk,0.08359450101852417
data\processed\images_to_train\resnet\test\ISIC_0031020.jpg,Low Risk,Low Risk,0.013639722019433975
data\processed\images_to_train\resnet\test\ISIC_0031696.jpg,Low Risk,Low Risk,0.02941063977777958
data\processed\images_to_train\resnet\test\ISIC_0027095.jpg,Low Risk,Low Risk,0.14144645631313324
data\processed\images_to_train\resnet\test\ISIC_0024353.jpg,Low Risk,Low Risk,0.06337805092334747
data\processed\images_to_train\resnet\test\ISIC_0030727.jpg,Low Risk,Low Risk,0.26972696185112
data\processed\images_to_train\resnet\test\ISIC_0026197.jpg,Low Risk,Low Risk,0.10192833840847015
data\processed\images_to_train\resnet\test\ISIC_0029923.jpg,Low Risk,Low Risk,0.12501613795757294
data\processed\images_to_train\resnet\test\ISIC_0024483.jpg,Low Risk,Low Risk,0.047402527183294296
data\processed\images_to_train\resnet\test\ISIC_0025999.jpg,Low Risk,Low Risk,0.1397790014743805
data\processed\images_to_train\resnet\test\ISIC_0027992.jpg,Low Risk,Low Risk,0.06171397119760513
data\processed\images_to_train\resnet\test\ISIC_0025889.jpg,Low Risk,Low Risk,0.02829117886722088
data\processed\images_to_train\resnet\test\ISIC_0032390.jpg,Low Risk,Low Risk,0.3198659121990204
data\processed\images_to_train\resnet\test\ISIC_0031246.jpg,Low Risk,Low Risk,0.058544423431158066
data\processed\images_to_train\resnet\test\ISIC_0025490.jpg,Low Risk,Low Risk,0.10183322429656982
data\processed\images_to_train\resnet\test\ISIC_0031415.jpg,Low Risk,Low Risk,0.020064745098352432
data\processed\images_to_train\resnet\test\ISIC_0025464.jpg,Low Risk,Low Risk,0.02271920070052147
data\processed\images_to_train\resnet\test\ISIC_0030563.jpg,Low Risk,Low Risk,0.03280407190322876
data\processed\images_to_train\resnet\test\ISIC_0026951.jpg,Low Risk,Low Risk,0.012270194478332996
data\processed\images_to_train\resnet\test\ISIC_0031047.jpg,Low Risk,Low Risk,0.23135818541049957
data\processed\images_to_train\resnet\test\ISIC_0027448.jpg,Low Risk,High Risk,0.5807907581329346
data\processed\images_to_train\resnet\test\ISIC_0030576.jpg,Low Risk,Low Risk,0.024095257744193077
data\processed\images_to_train\resnet\test\ISIC_0026495.jpg,Low Risk,Low Risk,0.021925872191786766
data\processed\images_to_train\resnet\test\ISIC_0025574.jpg,Low Risk,Low Risk,0.1824028640985489
data\processed\images_to_train\resnet\test\ISIC_0026464.jpg,Low Risk,Low Risk,0.18966999650001526
data\processed\images_to_train\resnet\test\ISIC_0026937.jpg,Low Risk,Low Risk,0.06826360523700714
data\processed\images_to_train\resnet\test\ISIC_0025921.jpg,Low Risk,Low Risk,0.08005043119192123
data\processed\images_to_train\resnet\test\ISIC_0028320.jpg,Low Risk,Low Risk,0.05520978197455406
data\processed\images_to_train\resnet\test\ISIC_0030762.jpg,Low Risk,Low Risk,0.10282499343156815
data\processed\images_to_train\resnet\test\ISIC_0026703.jpg,Low Risk,Low Risk,0.07317748665809631
data\processed\images_to_train\resnet\test\ISIC_0024811.jpg,Low Risk,Low Risk,0.12573961913585663
data\processed\images_to_train\resnet\test\ISIC_0031328.jpg,Low Risk,Low Risk,0.1882646381855011
data\processed\images_to_train\resnet\test\ISIC_0025187.jpg,Low Risk,Low Risk,0.10636380314826965
data\processed\images_to_train\resnet\test\ISIC_0031533.jpg,Low Risk,Low Risk,0.10237780213356018
data\processed\images_to_train\resnet\test\ISIC_0028162.jpg,Low Risk,Low Risk,0.11729830503463745
data\processed\images_to_train\resnet\test\ISIC_0030948.jpg,Low Risk,Low Risk,0.14531691372394562
data\processed\images_to_train\resnet\test\ISIC_0032332.jpg,Low Risk,Low Risk,0.04951190575957298
data\processed\images_to_train\resnet\test\ISIC_0026189.jpg,Low Risk,Low Risk,0.01716090552508831
data\processed\images_to_train\resnet\test\ISIC_0029887.jpg,Low Risk,Low Risk,0.03180243447422981
data\processed\images_to_train\resnet\test\ISIC_0030633.jpg,Low Risk,Low Risk,0.07434514164924622
data\processed\images_to_train\resnet\test\ISIC_0028733.jpg,Low Risk,Low Risk,0.16878467798233032
data\processed\images_to_train\resnet\test\ISIC_0026636.jpg,Low Risk,Low Risk,0.03703974559903145
data\processed\images_to_train\resnet\test\ISIC_0024373.jpg,Low Risk,Low Risk,0.08659076690673828
data\processed\images_to_train\resnet\test\ISIC_0025995.jpg,Low Risk,Low Risk,0.13319414854049683
data\processed\images_to_train\resnet\test\ISIC_0030363.jpg,Low Risk,Low Risk,0.08388040214776993
data\processed\images_to_train\resnet\test\ISIC_0026325.jpg,Low Risk,Low Risk,0.08852066844701767
data\processed\images_to_train\resnet\test\ISIC_0029468.jpg,Low Risk,Low Risk,0.06496143341064453
data\processed\images_to_train\resnet\test\ISIC_0029376.jpg,Low Risk,Low Risk,0.011664388701319695
data\processed\images_to_train\resnet\test\ISIC_0031224.jpg,Low Risk,Low Risk,0.044769540429115295
data\processed\images_to_train\resnet\test\ISIC_0024631.jpg,Low Risk,Low Risk,0.2996889352798462
data\processed\images_to_train\resnet\test\ISIC_0030195.jpg,Low Risk,Low Risk,0.1183207631111145
data\processed\images_to_train\resnet\test\ISIC_0025151.jpg,Low Risk,Low Risk,0.23557765781879425
data\processed\images_to_train\resnet\test\ISIC_0025801.jpg,Low Risk,Low Risk,0.2555789053440094
data\processed\images_to_train\resnet\test\ISIC_0031804.jpg,Low Risk,Low Risk,0.11227700859308243
data\processed\images_to_train\resnet\test\ISIC_0025284.jpg,Low Risk,Low Risk,0.10785534977912903
data\processed\images_to_train\resnet\test\ISIC_0030724.jpg,Low Risk,Low Risk,0.20266059041023254
data\processed\images_to_train\resnet\test\ISIC_0025042.jpg,Low Risk,Low Risk,0.012154879979789257
data\processed\images_to_train\resnet\test\ISIC_0030848.jpg,Low Risk,Low Risk,0.19000697135925293
data\processed\images_to_train\resnet\test\ISIC_0028039.jpg,Low Risk,Low Risk,0.2143286019563675
data\processed\images_to_train\resnet\test\ISIC_0024703.jpg,Low Risk,Low Risk,0.06501317769289017
data\processed\images_to_train\resnet\test\ISIC_0032104.jpg,Low Risk,Low Risk,0.09557419270277023
data\processed\images_to_train\resnet\test\ISIC_0032131.jpg,Low Risk,Low Risk,0.05805430933833122
data\processed\images_to_train\resnet\test\ISIC_0030412.jpg,Low Risk,Low Risk,0.05414712429046631
data\processed\images_to_train\resnet\test\ISIC_0029198.jpg,Low Risk,Low Risk,0.11629033088684082
data\processed\images_to_train\resnet\test\ISIC_0026271.jpg,Low Risk,Low Risk,0.11056794971227646
data\processed\images_to_train\resnet\test\ISIC_0031732.jpg,Low Risk,Low Risk,0.1776602566242218
data\processed\images_to_train\resnet\test\ISIC_0026990.jpg,Low Risk,Low Risk,0.0240962952375412
data\processed\images_to_train\resnet\test\ISIC_0028366.jpg,Low Risk,Low Risk,0.04439328610897064
data\processed\images_to_train\resnet\test\ISIC_0025021.jpg,Low Risk,Low Risk,0.08703252673149109
data\processed\images_to_train\resnet\test\ISIC_0024350.jpg,Low Risk,Low Risk,0.04247191920876503
data\processed\images_to_train\resnet\test\ISIC_0024389.jpg,Low Risk,Low Risk,0.04817657172679901
data\processed\images_to_train\resnet\test\ISIC_0028664.jpg,Low Risk,Low Risk,0.06610897183418274
data\processed\images_to_train\resnet\test\ISIC_0028532.jpg,Low Risk,Low Risk,0.06750302761793137
data\processed\images_to_train\resnet\test\ISIC_0031751.jpg,Low Risk,Low Risk,0.03072856180369854
data\processed\images_to_train\resnet\test\ISIC_0032491.jpg,Low Risk,Low Risk,0.05284455046057701
data\processed\images_to_train\resnet\test\ISIC_0028530.jpg,Low Risk,Low Risk,0.06480760127305984
data\processed\images_to_train\resnet\test\ISIC_0025055.jpg,Low Risk,Low Risk,0.059488821774721146
data\processed\images_to_train\resnet\test\ISIC_0028267.jpg,Low Risk,Low Risk,0.02806246280670166
data\processed\images_to_train\resnet\test\ISIC_0027176.jpg,Low Risk,Low Risk,0.08021504431962967
data\processed\images_to_train\resnet\test\ISIC_0027750.jpg,Low Risk,Low Risk,0.15137358009815216
data\processed\images_to_train\resnet\test\ISIC_0030805.jpg,Low Risk,Low Risk,0.07199826091527939
data\processed\images_to_train\resnet\test\ISIC_0030780.jpg,Low Risk,Low Risk,0.0918574258685112
data\processed\images_to_train\resnet\test\ISIC_0024478.jpg,Low Risk,Low Risk,0.3421899080276489
data\processed\images_to_train\resnet\test\ISIC_0026962.jpg,Low Risk,Low Risk,0.04389581084251404
data\processed\images_to_train\resnet\test\ISIC_0030136.jpg,Low Risk,Low Risk,0.10430025309324265
data\processed\images_to_train\resnet\test\ISIC_0028783.jpg,Low Risk,Low Risk,0.03674941509962082
data\processed\images_to_train\resnet\test\ISIC_0027842.jpg,Low Risk,Low Risk,0.0013511247234418988
data\processed\images_to_train\resnet\test\ISIC_0030889.jpg,Low Risk,Low Risk,0.26847100257873535
data\processed\images_to_train\resnet\test\ISIC_0031084.jpg,Low Risk,Low Risk,0.07570313662290573
data\processed\images_to_train\resnet\test\ISIC_0027716.jpg,Low Risk,Low Risk,0.013441646471619606
data\processed\images_to_train\resnet\test\ISIC_0026856.jpg,Low Risk,Low Risk,0.10374055057764053
data\processed\images_to_train\resnet\test\ISIC_0029507.jpg,Low Risk,Low Risk,0.0451200045645237
data\processed\images_to_train\resnet\test\ISIC_0030190.jpg,Low Risk,Low Risk,0.13691550493240356
data\processed\images_to_train\resnet\test\ISIC_0028172.jpg,Low Risk,Low Risk,0.05069791525602341
data\processed\images_to_train\resnet\test\ISIC_0028704.jpg,Low Risk,Low Risk,0.14489541947841644
data\processed\images_to_train\resnet\test\ISIC_0028348.jpg,Low Risk,Low Risk,0.026890048757195473
data\processed\images_to_train\resnet\test\ISIC_0025569.jpg,Low Risk,Low Risk,0.08620130270719528
data\processed\images_to_train\resnet\test\ISIC_0028099.jpg,Low Risk,Low Risk,0.014946349896490574
data\processed\images_to_train\resnet\test\ISIC_0026982.jpg,Low Risk,Low Risk,0.04236798360943794
data\processed\images_to_train\resnet\test\ISIC_0026121.jpg,Low Risk,Low Risk,0.053885724395513535
data\processed\images_to_train\resnet\test\ISIC_0024728.jpg,Low Risk,Low Risk,0.07117120176553726
data\processed\images_to_train\resnet\test\ISIC_0032477.jpg,Low Risk,Low Risk,0.0389740876853466
data\processed\images_to_train\resnet\test\ISIC_0027929.jpg,Low Risk,Low Risk,0.060751765966415405
data\processed\images_to_train\resnet\test\ISIC_0029763.jpg,Low Risk,Low Risk,0.06858616322278976
data\processed\images_to_train\resnet\test\ISIC_0031841.jpg,Low Risk,Low Risk,0.05684763938188553
data\processed\images_to_train\resnet\test\ISIC_0028292.jpg,Low Risk,Low Risk,0.17801673710346222
data\processed\images_to_train\resnet\test\ISIC_0031347.jpg,Low Risk,Low Risk,0.08126950263977051
data\processed\images_to_train\resnet\test\ISIC_0031147.jpg,Low Risk,Low Risk,0.17926909029483795
data\processed\images_to_train\resnet\test\ISIC_0031327.jpg,Low Risk,Low Risk,0.053015489131212234
data\processed\images_to_train\resnet\test\ISIC_0025356.jpg,Low Risk,Low Risk,0.07598137110471725
data\processed\images_to_train\resnet\test\ISIC_0028178.jpg,Low Risk,Low Risk,0.1392747312784195
data\processed\images_to_train\resnet\test\ISIC_0027779.jpg,Low Risk,Low Risk,0.015109091997146606
data\processed\images_to_train\resnet\test\ISIC_0027633.jpg,Low Risk,Low Risk,0.07793457061052322
data\processed\images_to_train\resnet\test\ISIC_0026673.jpg,Low Risk,Low Risk,0.00030047824839130044
data\processed\images_to_train\resnet\test\ISIC_0027947.jpg,Low Risk,Low Risk,0.0991642102599144
data\processed\images_to_train\resnet\test\ISIC_0027630.jpg,Low Risk,Low Risk,0.03319232910871506
data\processed\images_to_train\resnet\test\ISIC_0031658.jpg,Low Risk,Low Risk,0.1622571051120758
data\processed\images_to_train\resnet\test\ISIC_0030499.jpg,Low Risk,Low Risk,0.03415393829345703
data\processed\images_to_train\resnet\test\ISIC_0026578.jpg,Low Risk,Low Risk,0.07849742472171783
data\processed\images_to_train\resnet\test\ISIC_0025230.jpg,Low Risk,Low Risk,0.11818827688694
data\processed\images_to_train\resnet\test\ISIC_0026431.jpg,Low Risk,Low Risk,0.005045098252594471
data\processed\images_to_train\resnet\test\ISIC_0028456.jpg,Low Risk,Low Risk,0.02272653579711914
data\processed\images_to_train\resnet\test\ISIC_0026813.jpg,Low Risk,Low Risk,0.019310237839818
data\processed\images_to_train\resnet\test\ISIC_0027515.jpg,Low Risk,Low Risk,0.07230422645807266
data\processed\images_to_train\resnet\test\ISIC_0030449.jpg,Low Risk,Low Risk,0.14924995601177216
data\processed\images_to_train\resnet\test\ISIC_0028910.jpg,Low Risk,Low Risk,0.06818419694900513
data\processed\images_to_train\resnet\test\ISIC_0026582.jpg,Low Risk,Low Risk,0.12124402076005936
data\processed\images_to_train\resnet\test\ISIC_0025092.jpg,Low Risk,Low Risk,0.19127076864242554
data\processed\images_to_train\resnet\test\ISIC_0030108.jpg,Low Risk,Low Risk,0.12189718335866928
data\processed\images_to_train\resnet\test\ISIC_0030673.jpg,Low Risk,Low Risk,0.055969733744859695
data\processed\images_to_train\resnet\test\ISIC_0027368.jpg,Low Risk,Low Risk,0.02316509559750557
data\processed\images_to_train\resnet\test\ISIC_0030777.jpg,Low Risk,Low Risk,0.1369917243719101
data\processed\images_to_train\resnet\test\ISIC_0029886.jpg,Low Risk,Low Risk,0.16017183661460876
data\processed\images_to_train\resnet\test\ISIC_0030478.jpg,Low Risk,Low Risk,0.0919695720076561
data\processed\images_to_train\resnet\test\ISIC_0029534.jpg,Low Risk,High Risk,0.6832616329193115
data\processed\images_to_train\resnet\test\ISIC_0025943.jpg,Low Risk,Low Risk,0.327083945274353
data\processed\images_to_train\resnet\test\ISIC_0025568.jpg,Low Risk,High Risk,0.5301645994186401
data\processed\images_to_train\resnet\test\ISIC_0026887.jpg,Low Risk,Low Risk,0.28482234477996826
data\processed\images_to_train\resnet\test\ISIC_0027284.jpg,Low Risk,Low Risk,0.08144650608301163
data\processed\images_to_train\resnet\test\ISIC_0024697.jpg,Low Risk,Low Risk,0.27110224962234497
data\processed\images_to_train\resnet\test\ISIC_0031515.jpg,Low Risk,Low Risk,0.47693154215812683
data\processed\images_to_train\resnet\test\ISIC_0029854.jpg,Low Risk,Low Risk,0.4918898642063141
data\processed\images_to_train\resnet\test\ISIC_0026874.jpg,Low Risk,High Risk,0.5742145776748657
data\processed\images_to_train\resnet\test\ISIC_0025847.jpg,Low Risk,Low Risk,0.2791641056537628
data\processed\images_to_train\resnet\test\ISIC_0025958.jpg,Low Risk,Low Risk,0.49753379821777344
data\processed\images_to_train\resnet\test\ISIC_0025108.jpg,Low Risk,Low Risk,0.4045451283454895
data\processed\images_to_train\resnet\test\ISIC_0029296.jpg,Low Risk,Low Risk,0.4157319962978363
data\processed\images_to_train\resnet\test\ISIC_0031713.jpg,Low Risk,Low Risk,0.2966808080673218
data\processed\images_to_train\resnet\test\ISIC_0032027.jpg,Low Risk,Low Risk,0.4408039450645447
data\processed\images_to_train\resnet\test\ISIC_0026341.jpg,Low Risk,Low Risk,0.43358293175697327
data\processed\images_to_train\resnet\test\ISIC_0027697.jpg,Low Risk,High Risk,0.512123167514801
data\processed\images_to_train\resnet\test\ISIC_0028235.jpg,Low Risk,Low Risk,0.0001257241383427754
data\processed\images_to_train\resnet\test\ISIC_0028098.jpg,Low Risk,Low Risk,0.2987828552722931
data\processed\images_to_train\resnet\test\ISIC_0030473.jpg,Low Risk,Low Risk,0.1276649832725525
data\processed\images_to_train\resnet\test\ISIC_0030859.jpg,Low Risk,Low Risk,0.4094937741756439
data\processed\images_to_train\resnet\test\ISIC_0030350.jpg,Low Risk,High Risk,0.6146780252456665
data\processed\images_to_train\resnet\test\ISIC_0031440.jpg,Low Risk,Low Risk,0.39516404271125793
data\processed\images_to_train\resnet\test\ISIC_0028823.jpg,Low Risk,Low Risk,0.46210765838623047
data\processed\images_to_train\resnet\test\ISIC_0031501.jpg,Low Risk,Low Risk,0.30039265751838684
data\processed\images_to_train\resnet\test\ISIC_0032910.jpg,Low Risk,Low Risk,0.47350025177001953
data\processed\images_to_train\resnet\test\ISIC_0025402.jpg,Low Risk,Low Risk,0.36203712224960327
data\processed\images_to_train\resnet\test\ISIC_0025641.jpg,Low Risk,Low Risk,0.26161515712738037
data\processed\images_to_train\resnet\test\ISIC_0031158.jpg,Low Risk,Low Risk,0.24054665863513947
data\processed\images_to_train\resnet\test\ISIC_0028287.jpg,Low Risk,Low Risk,0.2504696249961853
data\processed\images_to_train\resnet\test\ISIC_0026432.jpg,Low Risk,High Risk,0.6705721020698547
data\processed\images_to_train\resnet\test\ISIC_0033971.jpg,Low Risk,Low Risk,0.32360008358955383
data\processed\images_to_train\resnet\test\ISIC_0032527.jpg,Low Risk,Low Risk,0.4479546844959259
data\processed\images_to_train\resnet\test\ISIC_0032964.jpg,Low Risk,Low Risk,0.19681312143802643
data\processed\images_to_train\resnet\test\ISIC_0033555.jpg,Low Risk,High Risk,0.5464398860931396
data\processed\images_to_train\resnet\test\ISIC_0033963.jpg,Low Risk,Low Risk,0.47557711601257324
data\processed\images_to_train\resnet\test\ISIC_0033793.jpg,Low Risk,Low Risk,0.46985650062561035
data\processed\images_to_train\resnet\test\ISIC_0033032.jpg,Low Risk,Low Risk,0.3212708830833435
data\processed\images_to_train\resnet\test\ISIC_0034227.jpg,Low Risk,Low Risk,0.19893057644367218
data\processed\images_to_train\resnet\test\ISIC_0033563.jpg,Low Risk,Low Risk,0.135337695479393
data\processed\images_to_train\resnet\test\ISIC_0031613.jpg,Low Risk,Low Risk,0.28446248173713684
data\processed\images_to_train\resnet\test\ISIC_0032362.jpg,Low Risk,Low Risk,0.3354024589061737
data\processed\images_to_train\resnet\test\ISIC_0028110.jpg,Low Risk,Low Risk,0.233824223279953
data\processed\images_to_train\resnet\test\ISIC_0025239.jpg,Low Risk,Low Risk,0.42562228441238403
data\processed\images_to_train\resnet\test\ISIC_0032664.jpg,Low Risk,Low Risk,0.16655811667442322
data\processed\images_to_train\resnet\test\ISIC_0033461.jpg,Low Risk,Low Risk,0.4507266879081726
data\processed\images_to_train\resnet\test\ISIC_0027432.jpg,Low Risk,Low Risk,0.46223822236061096
data\processed\images_to_train\resnet\test\ISIC_0024907.jpg,Low Risk,Low Risk,0.33031171560287476
data\processed\images_to_train\resnet\test\ISIC_0032767.jpg,Low Risk,High Risk,0.5293701887130737
data\processed\images_to_train\resnet\test\ISIC_0033503.jpg,Low Risk,Low Risk,0.3776080310344696
data\processed\images_to_train\resnet\test\ISIC_0033795.jpg,Low Risk,Low Risk,0.21373994648456573
data\processed\images_to_train\resnet\test\ISIC_0033648.jpg,Low Risk,Low Risk,0.29375702142715454
data\processed\images_to_train\resnet\test\ISIC_0032825.jpg,Low Risk,Low Risk,0.18290628492832184
data\processed\images_to_train\resnet\test\ISIC_0032803.jpg,Low Risk,Low Risk,0.34863683581352234
data\processed\images_to_train\resnet\test\ISIC_0034300.jpg,Low Risk,Low Risk,0.3299190104007721
data\processed\images_to_train\resnet\test\ISIC_0033155.jpg,Low Risk,Low Risk,0.43541887402534485
data\processed\images_to_train\resnet\test\ISIC_0032609.jpg,Low Risk,Low Risk,0.36673715710639954
data\processed\images_to_train\resnet\test\ISIC_0032704.jpg,Low Risk,Low Risk,0.34694427251815796
data\processed\images_to_train\resnet\test\ISIC_0033289.jpg,Low Risk,Low Risk,0.4638708233833313
data\processed\images_to_train\resnet\test\ISIC_0033506.jpg,Low Risk,Low Risk,0.352150022983551
data\processed\images_to_train\resnet\test\ISIC_0033600.jpg,Low Risk,Low Risk,0.20602113008499146
data\processed\images_to_train\resnet\test\ISIC_0033714.jpg,Low Risk,Low Risk,0.3925859332084656
data\processed\images_to_train\resnet\test\ISIC_0033145.jpg,Low Risk,High Risk,0.5315627455711365
data\processed\images_to_train\resnet\test\ISIC_0033799.jpg,Low Risk,Low Risk,0.3852170705795288
data\processed\images_to_train\resnet\test\ISIC_0032608.jpg,Low Risk,Low Risk,0.4590166211128235
data\processed\images_to_train\resnet\test\ISIC_0032746.jpg,Low Risk,High Risk,0.6715872287750244
data\processed\images_to_train\resnet\test\ISIC_0033266.jpg,Low Risk,High Risk,0.5971744656562805
data\processed\images_to_train\resnet\test\ISIC_0033517.jpg,Low Risk,Low Risk,0.37324079871177673
data\processed\images_to_train\resnet\test\ISIC_0033513.jpg,Low Risk,Low Risk,0.3021702766418457
data\processed\images_to_train\resnet\test\ISIC_0033649.jpg,Low Risk,Low Risk,0.4114043116569519
data\processed\images_to_train\resnet\test\ISIC_0032853.jpg,Low Risk,High Risk,0.5398476719856262
data\processed\images_to_train\resnet\test\ISIC_0034148.jpg,Low Risk,Low Risk,0.49428558349609375
data\processed\images_to_train\resnet\test\ISIC_0034241.jpg,Low Risk,Low Risk,0.4649084806442261
data\processed\images_to_train\resnet\test\ISIC_0032478.jpg,Low Risk,Low Risk,0.007946007885038853
data\processed\images_to_train\resnet\test\ISIC_0032765.jpg,Low Risk,Low Risk,0.35558024048805237
data\processed\images_to_train\resnet\test\ISIC_0033128.jpg,Low Risk,Low Risk,0.13704721629619598
data\processed\images_to_train\resnet\test\ISIC_0033115.jpg,Low Risk,Low Risk,0.13493375480175018
data\processed\images_to_train\resnet\test\ISIC_0032625.jpg,Low Risk,Low Risk,0.23472896218299866
data\processed\images_to_train\resnet\test\ISIC_0033940.jpg,Low Risk,Low Risk,0.3718871772289276
data\processed\images_to_train\resnet\test\ISIC_0033818.jpg,Low Risk,Low Risk,0.2736406922340393
data\processed\images_to_train\resnet\test\ISIC_0034029.jpg,Low Risk,Low Risk,0.3581694960594177
data\processed\images_to_train\resnet\test\ISIC_0032649.jpg,Low Risk,Low Risk,0.17708046734333038
data\processed\images_to_train\resnet\test\ISIC_0034109.jpg,Low Risk,Low Risk,0.24205510318279266
data\processed\images_to_train\resnet\test\ISIC_0033439.jpg,Low Risk,Low Risk,0.29506829380989075
data\processed\images_to_train\resnet\test\ISIC_0033214.jpg,Low Risk,Low Risk,0.38784900307655334
data\processed\images_to_train\resnet\test\ISIC_0033255.jpg,Low Risk,Low Risk,0.3143841326236725
data\processed\images_to_train\resnet\test\ISIC_0033229.jpg,Low Risk,Low Risk,0.27399590611457825
data\processed\images_to_train\resnet\test\ISIC_0034237.jpg,Low Risk,High Risk,0.5394219756126404
data\processed\images_to_train\resnet\test\ISIC_0034032.jpg,Low Risk,Low Risk,0.4939121603965759
data\processed\images_to_train\resnet\test\ISIC_0033075.jpg,Low Risk,Low Risk,0.4212816059589386
data\processed\images_to_train\resnet\test\ISIC_0033010.jpg,Low Risk,Low Risk,0.16955187916755676
data\processed\images_to_train\resnet\test\ISIC_0034293.jpg,Low Risk,Low Risk,0.0804423987865448
data\processed\images_to_train\resnet\test\ISIC_0033350.jpg,Low Risk,Low Risk,0.12005748599767685
data\processed\images_to_train\resnet\test\ISIC_0033787.jpg,Low Risk,Low Risk,0.2912975549697876
data\processed\images_to_train\resnet\test\ISIC_0033599.jpg,Low Risk,Low Risk,0.358133465051651
data\processed\images_to_train\resnet\test\ISIC_0034220.jpg,Low Risk,Low Risk,0.2710637152194977
data\processed\images_to_train\resnet\test\ISIC_0032973.jpg,Low Risk,Low Risk,0.33287134766578674
data\processed\images_to_train\resnet\test\ISIC_0033425.jpg,Low Risk,High Risk,0.5182830691337585
data\processed\images_to_train\resnet\test\ISIC_0033443.jpg,Low Risk,Low Risk,0.3588031828403473
data\processed\images_to_train\resnet\test\ISIC_0032593.jpg,Low Risk,Low Risk,0.167197123169899
data\processed\images_to_train\resnet\test\ISIC_0033935.jpg,Low Risk,Low Risk,0.3121393620967865
data\processed\images_to_train\resnet\test\ISIC_0032338.jpg,Low Risk,Low Risk,0.42383626103401184
data\processed\images_to_train\resnet\test\ISIC_0034067.jpg,Low Risk,Low Risk,0.08752740919589996
data\processed\images_to_train\resnet\test\ISIC_0033435.jpg,Low Risk,Low Risk,0.1630985140800476
data\processed\images_to_train\resnet\test\ISIC_0034016.jpg,Low Risk,Low Risk,0.4505766034126282
data\processed\images_to_train\resnet\test\ISIC_0033564.jpg,Low Risk,Low Risk,0.11148334294557571
data\processed\images_to_train\resnet\test\ISIC_0032627.jpg,Low Risk,Low Risk,0.19113701581954956
data\processed\images_to_train\resnet\test\ISIC_0034247.jpg,Low Risk,Low Risk,0.18718823790550232
data\processed\images_to_train\resnet\test\ISIC_0033455.jpg,Low Risk,Low Risk,0.4455559551715851
data\processed\images_to_train\resnet\test\ISIC_0034056.jpg,Low Risk,Low Risk,0.19625864923000336
data\processed\images_to_train\resnet\test\ISIC_0033723.jpg,Low Risk,High Risk,0.6461157202720642
data\processed\images_to_train\resnet\test\ISIC_0033396.jpg,Low Risk,High Risk,0.6584646701812744
data\processed\images_to_train\resnet\test\ISIC_0032752.jpg,Low Risk,Low Risk,0.34513452649116516
data\processed\images_to_train\resnet\test\ISIC_0033794.jpg,Low Risk,Low Risk,0.4219150245189667
data\processed\images_to_train\resnet\test\ISIC_0033462.jpg,Low Risk,Low Risk,0.14904338121414185
data\processed\images_to_train\resnet\test\ISIC_0033191.jpg,Low Risk,Low Risk,0.09386830776929855
data\processed\images_to_train\resnet\test\ISIC_0033508.jpg,Low Risk,Low Risk,0.350195974111557
data\processed\images_to_train\resnet\test\ISIC_0032539.jpg,Low Risk,Low Risk,0.3735429644584656
data\processed\images_to_train\resnet\test\ISIC_0032686.jpg,Low Risk,Low Risk,0.38441815972328186
data\processed\images_to_train\resnet\test\ISIC_0032519.jpg,Low Risk,Low Risk,0.4319472014904022
data\processed\images_to_train\resnet\test\ISIC_0034090.jpg,Low Risk,Low Risk,0.42515042424201965
data\processed\images_to_train\resnet\test\ISIC_0032896.jpg,Low Risk,High Risk,0.5081532001495361
data\processed\images_to_train\resnet\test\ISIC_0034166.jpg,Low Risk,Low Risk,0.4040200114250183
data\processed\images_to_train\resnet\test\ISIC_0033463.jpg,Low Risk,Low Risk,0.26806768774986267
data\processed\images_to_train\resnet\test\ISIC_0033757.jpg,Low Risk,High Risk,0.5489930510520935
data\processed\images_to_train\resnet\test\ISIC_0033585.jpg,Low Risk,Low Risk,0.14737215638160706
data\processed\images_to_train\resnet\test\ISIC_0033319.jpg,Low Risk,Low Risk,0.03592715784907341
data\processed\images_to_train\resnet\test\ISIC_0029393.jpg,Low Risk,Low Risk,0.18193945288658142
data\processed\images_to_train\resnet\test\ISIC_0026210.jpg,Low Risk,Low Risk,0.36069628596305847
data\processed\images_to_train\resnet\test\ISIC_0025100.jpg,Low Risk,Low Risk,0.35221776366233826
data\processed\images_to_train\resnet\test\ISIC_0024319.jpg,Low Risk,Low Risk,0.2656921148300171
data\processed\images_to_train\resnet\test\ISIC_0031923.jpg,Low Risk,Low Risk,0.07454834133386612
data\processed\images_to_train\resnet\test\ISIC_0029222.jpg,Low Risk,Low Risk,0.24491719901561737
data\processed\images_to_train\resnet\test\ISIC_0024361.jpg,Low Risk,Low Risk,0.2639242112636566
data\processed\images_to_train\resnet\test\ISIC_0027248.jpg,Low Risk,Low Risk,0.32336103916168213
data\processed\images_to_train\resnet\test\ISIC_0027567.jpg,Low Risk,Low Risk,0.2714192867279053
data\processed\images_to_train\resnet\test\ISIC_0030116.jpg,Low Risk,Low Risk,0.08190940320491791
data\processed\images_to_train\resnet\test\ISIC_0026270.jpg,Low Risk,Low Risk,0.11869513243436813
data\processed\images_to_train\resnet\test\ISIC_0025096.jpg,Low Risk,Low Risk,0.06888673454523087
data\processed\images_to_train\resnet\test\ISIC_0030933.jpg,Low Risk,High Risk,0.5131486058235168
data\processed\images_to_train\resnet\test\ISIC_0025043.jpg,Low Risk,High Risk,0.5719501972198486
data\processed\images_to_train\resnet\test\ISIC_0026272.jpg,Low Risk,Low Risk,0.24593912065029144
data\processed\images_to_train\resnet\test\ISIC_0024658.jpg,Low Risk,Low Risk,0.2242325246334076
data\processed\images_to_train\resnet\test\ISIC_0027258.jpg,Low Risk,Low Risk,0.4088667333126068
data\processed\images_to_train\resnet\test\ISIC_0028957.jpg,Low Risk,Low Risk,0.2332683801651001
data\processed\images_to_train\resnet\test\ISIC_0029566.jpg,Low Risk,Low Risk,0.1625475436449051
data\processed\images_to_train\resnet\test\ISIC_0025078.jpg,Low Risk,High Risk,0.562931478023529
data\processed\images_to_train\resnet\test\ISIC_0025516.jpg,Low Risk,Low Risk,0.4891931414604187
data\processed\images_to_train\resnet\test\ISIC_0029835.jpg,Low Risk,Low Risk,0.4917730391025543
data\processed\images_to_train\resnet\test\ISIC_0028101.jpg,Low Risk,Low Risk,0.4833064079284668
data\processed\images_to_train\resnet\test\ISIC_0028057.jpg,Low Risk,Low Risk,0.40019527077674866
data\processed\images_to_train\resnet\test\ISIC_0031502.jpg,Low Risk,Low Risk,0.4385516345500946
data\processed\images_to_train\resnet\test\ISIC_0032227.jpg,Low Risk,Low Risk,0.42720499634742737
data\processed\images_to_train\resnet\test\ISIC_0025545.jpg,Low Risk,Low Risk,0.1408601701259613
data\processed\images_to_train\resnet\test\ISIC_0032003.jpg,Low Risk,Low Risk,0.11933524906635284
data\processed\images_to_train\resnet\test\ISIC_0025840.jpg,Low Risk,Low Risk,0.2054109275341034
data\processed\images_to_train\resnet\test\ISIC_0024394.jpg,Low Risk,Low Risk,0.3478180170059204
data\processed\images_to_train\resnet\test\ISIC_0029516.jpg,Low Risk,Low Risk,0.32444098591804504
data\processed\images_to_train\resnet\test\ISIC_0024587.jpg,Low Risk,High Risk,0.6773970723152161
data\processed\images_to_train\resnet\test\ISIC_0029666.jpg,Low Risk,High Risk,0.5648965239524841
data\processed\images_to_train\resnet\test\ISIC_0027698.jpg,Low Risk,High Risk,0.618018627166748
data\processed\images_to_train\resnet\test\ISIC_0030179.jpg,Low Risk,Low Risk,0.19525954127311707
data\processed\images_to_train\resnet\test\ISIC_0029215.jpg,Low Risk,Low Risk,0.22793416678905487
data\processed\images_to_train\resnet\test\ISIC_0028362.jpg,Low Risk,Low Risk,0.17586034536361694
data\processed\images_to_train\resnet\test\ISIC_0024938.jpg,Low Risk,Low Risk,0.3464151918888092
data\processed\images_to_train\resnet\test\ISIC_0030065.jpg,Low Risk,Low Risk,0.3218086063861847
data\processed\images_to_train\resnet\test\ISIC_0025231.jpg,Low Risk,Low Risk,0.36022642254829407
data\processed\images_to_train\resnet\test\ISIC_0027514.jpg,Low Risk,Low Risk,0.11319631338119507
data\processed\images_to_train\resnet\test\ISIC_0027020.jpg,Low Risk,Low Risk,0.31204092502593994
data\processed\images_to_train\resnet\test\ISIC_0028390.jpg,Low Risk,Low Risk,0.4624170660972595
data\processed\images_to_train\resnet\test\ISIC_0029199.jpg,Low Risk,Low Risk,0.35463106632232666
data\processed\images_to_train\resnet\test\ISIC_0029493.jpg,Low Risk,Low Risk,0.2643730044364929
data\processed\images_to_train\resnet\test\ISIC_0031559.jpg,Low Risk,Low Risk,0.04682765156030655
data\processed\images_to_train\resnet\test\ISIC_0028518.jpg,Low Risk,Low Risk,0.3785476088523865
data\processed\images_to_train\resnet\test\ISIC_0027129.jpg,Low Risk,Low Risk,0.3674263060092926
data\processed\images_to_train\resnet\test\ISIC_0027897.jpg,Low Risk,Low Risk,0.03091934323310852
data\processed\images_to_train\resnet\test\ISIC_0032184.jpg,Low Risk,Low Risk,0.20419329404830933
data\processed\images_to_train\resnet\test\ISIC_0029277.jpg,Low Risk,Low Risk,0.33545076847076416
data\processed\images_to_train\resnet\test\ISIC_0028216.jpg,Low Risk,Low Risk,0.2588447630405426
data\processed\images_to_train\resnet\test\ISIC_0028825.jpg,Low Risk,Low Risk,0.16314667463302612
data\processed\images_to_train\resnet\test\ISIC_0027045.jpg,Low Risk,Low Risk,0.2749979496002197
data\processed\images_to_train\resnet\test\ISIC_0025742.jpg,Low Risk,High Risk,0.5814229846000671
data\processed\images_to_train\resnet\test\ISIC_0032141.jpg,Low Risk,High Risk,0.5178879499435425
data\processed\images_to_train\resnet\test\ISIC_0028212.jpg,Low Risk,Low Risk,0.20078469812870026
data\processed\images_to_train\resnet\test\ISIC_0029197.jpg,Low Risk,Low Risk,0.36487841606140137
data\processed\images_to_train\resnet\test\ISIC_0030733.jpg,Low Risk,Low Risk,0.3945734202861786
data\processed\images_to_train\resnet\test\ISIC_0027308.jpg,Low Risk,Low Risk,0.2752293050289154
data\processed\images_to_train\resnet\test\ISIC_0029138.jpg,Low Risk,High Risk,0.5259478092193604
data\processed\images_to_train\resnet\test\ISIC_0032243.jpg,Low Risk,Low Risk,0.4105209708213806
data\processed\images_to_train\resnet\test\ISIC_0026226.jpg,Low Risk,High Risk,0.5880195498466492
data\processed\images_to_train\resnet\test\ISIC_0028174.jpg,Low Risk,Low Risk,0.47377273440361023
data\processed\images_to_train\resnet\test\ISIC_0024566.jpg,Low Risk,High Risk,0.539293646812439
data\processed\images_to_train\resnet\test\ISIC_0025112.jpg,Low Risk,Low Risk,0.4362926781177521
data\processed\images_to_train\resnet\test\ISIC_0026712.jpg,Low Risk,Low Risk,0.20185667276382446
data\processed\images_to_train\resnet\test\ISIC_0030416.jpg,Low Risk,Low Risk,0.42897990345954895
data\processed\images_to_train\resnet\test\ISIC_0031451.jpg,Low Risk,High Risk,0.6128787994384766
data\processed\images_to_train\resnet\test\ISIC_0025074.jpg,Low Risk,Low Risk,0.4210144877433777
data\processed\images_to_train\resnet\test\ISIC_0028364.jpg,Low Risk,High Risk,0.5032609701156616
data\processed\images_to_train\resnet\test\ISIC_0029881.jpg,Low Risk,Low Risk,0.41915977001190186
data\processed\images_to_train\resnet\test\ISIC_0031115.jpg,Low Risk,Low Risk,0.3984487056732178
data\processed\images_to_train\resnet\test\ISIC_0028808.jpg,Low Risk,Low Risk,0.2223132997751236
data\processed\images_to_train\resnet\test\ISIC_0026513.jpg,Low Risk,Low Risk,0.16941094398498535
data\processed\images_to_train\resnet\test\ISIC_0027540.jpg,Low Risk,Low Risk,0.16489864885807037
data\processed\images_to_train\resnet\test\ISIC_0028689.jpg,Low Risk,Low Risk,0.061419956386089325
data\processed\images_to_train\resnet\test\ISIC_0025396.jpg,Low Risk,Low Risk,0.4559403657913208
data\processed\images_to_train\resnet\test\ISIC_0032251.jpg,Low Risk,High Risk,0.537868320941925
data\processed\images_to_train\resnet\test\ISIC_0032253.jpg,Low Risk,Low Risk,0.46716558933258057
data\processed\images_to_train\resnet\test\ISIC_0025684.jpg,Low Risk,Low Risk,0.43427371978759766
data\processed\images_to_train\resnet\test\ISIC_0031832.jpg,Low Risk,Low Risk,0.12444896996021271
data\processed\images_to_train\resnet\test\ISIC_0027051.jpg,Low Risk,Low Risk,0.1440894603729248
data\processed\images_to_train\resnet\test\ISIC_0030340.jpg,Low Risk,Low Risk,0.1757209450006485
data\processed\images_to_train\resnet\test\ISIC_0028179.jpg,Low Risk,Low Risk,0.2474650889635086
data\processed\images_to_train\resnet\test\ISIC_0029983.jpg,Low Risk,Low Risk,0.3858194947242737
data\processed\images_to_train\resnet\test\ISIC_0025542.jpg,Low Risk,High Risk,0.5461547374725342
data\processed\images_to_train\resnet\test\ISIC_0031594.jpg,Low Risk,Low Risk,0.19110561907291412
data\processed\images_to_train\resnet\test\ISIC_0030772.jpg,Low Risk,Low Risk,0.48522356152534485
data\processed\images_to_train\resnet\test\ISIC_0027109.jpg,Low Risk,Low Risk,0.449683278799057
data\processed\images_to_train\resnet\test\ISIC_0029095.jpg,Low Risk,High Risk,0.5376179218292236
data\processed\images_to_train\resnet\test\ISIC_0032311.jpg,Low Risk,High Risk,0.6006803512573242
data\processed\images_to_train\resnet\test\ISIC_0030920.jpg,Low Risk,Low Risk,0.4164007902145386
data\processed\images_to_train\resnet\test\ISIC_0030534.jpg,Low Risk,High Risk,0.6175854802131653
data\processed\images_to_train\resnet\test\ISIC_0032284.jpg,Low Risk,High Risk,0.6192414164543152
data\processed\images_to_train\resnet\test\ISIC_0026577.jpg,Low Risk,Low Risk,0.2491697371006012
data\processed\images_to_train\resnet\test\ISIC_0026956.jpg,Low Risk,Low Risk,0.4905472993850708
data\processed\images_to_train\resnet\test\ISIC_0031806.jpg,Low Risk,Low Risk,0.4309632480144501
data\processed\images_to_train\resnet\test\ISIC_0028736.jpg,Low Risk,Low Risk,0.3087382912635803
data\processed\images_to_train\resnet\test\ISIC_0032065.jpg,Low Risk,Low Risk,0.44549474120140076
data\processed\images_to_train\resnet\test\ISIC_0026671.jpg,Low Risk,Low Risk,0.15994662046432495
data\processed\images_to_train\resnet\test\ISIC_0030260.jpg,Low Risk,Low Risk,0.4347664415836334
data\processed\images_to_train\resnet\test\ISIC_0027535.jpg,Low Risk,Low Risk,0.41548094153404236
data\processed\images_to_train\resnet\test\ISIC_0032186.jpg,Low Risk,Low Risk,0.490659236907959
data\processed\images_to_train\resnet\test\ISIC_0029119.jpg,Low Risk,Low Risk,0.3069651424884796
data\processed\images_to_train\resnet\test\ISIC_0026151.jpg,Low Risk,Low Risk,0.34316325187683105
data\processed\images_to_train\resnet\test\ISIC_0032471.jpg,Low Risk,High Risk,0.5700331926345825
data\processed\images_to_train\resnet\test\ISIC_0025477.jpg,Low Risk,High Risk,0.6623573899269104
data\processed\images_to_train\resnet\test\ISIC_0031913.jpg,Low Risk,Low Risk,0.4935656785964966
data\processed\images_to_train\resnet\test\ISIC_0030151.jpg,Low Risk,Low Risk,0.4804925322532654
data\processed\images_to_train\resnet\test\ISIC_0026166.jpg,Low Risk,Low Risk,0.4701079726219177
data\processed\images_to_train\resnet\test\ISIC_0031794.jpg,Low Risk,Low Risk,0.36677077412605286
data\processed\images_to_train\resnet\test\ISIC_0031809.jpg,Low Risk,Low Risk,0.44055333733558655
data\processed\images_to_train\resnet\test\ISIC_0030937.jpg,Low Risk,Low Risk,0.17597603797912598
data\processed\images_to_train\resnet\test\ISIC_0025400.jpg,Low Risk,Low Risk,0.26776087284088135
data\processed\images_to_train\resnet\test\ISIC_0027523.jpg,Low Risk,Low Risk,0.23391814529895782
data\processed\images_to_train\resnet\test\ISIC_0028531.jpg,Low Risk,Low Risk,0.38966113328933716
data\processed\images_to_train\resnet\test\ISIC_0029498.jpg,Low Risk,Low Risk,0.4182060956954956
data\processed\images_to_train\resnet\test\ISIC_0026333.jpg,Low Risk,Low Risk,0.1593000292778015
data\processed\images_to_train\resnet\test\ISIC_0026182.jpg,Low Risk,High Risk,0.5333659052848816
data\processed\images_to_train\resnet\test\ISIC_0025061.jpg,Low Risk,Low Risk,0.4071156978607178
data\processed\images_to_train\resnet\test\ISIC_0026788.jpg,Low Risk,Low Risk,0.10061195492744446
data\processed\images_to_train\resnet\test\ISIC_0029759.jpg,Low Risk,Low Risk,0.48923084139823914
data\processed\images_to_train\resnet\test\ISIC_0033140.jpg,Low Risk,Low Risk,0.3671385645866394
data\processed\images_to_train\resnet\test\ISIC_0033903.jpg,Low Risk,Low Risk,0.07197336107492447
data\processed\images_to_train\resnet\test\ISIC_0032939.jpg,Low Risk,Low Risk,0.20993563532829285
data\processed\images_to_train\resnet\test\ISIC_0033474.jpg,Low Risk,Low Risk,0.49525630474090576
data\processed\images_to_train\resnet\test\ISIC_0034270.jpg,Low Risk,Low Risk,0.19467344880104065
data\processed\images_to_train\resnet\test\ISIC_0032837.jpg,Low Risk,Low Risk,0.18247659504413605
data\processed\images_to_train\resnet\test\ISIC_0032682.jpg,Low Risk,Low Risk,0.20995979011058807
data\processed\images_to_train\resnet\test\ISIC_0032930.jpg,Low Risk,Low Risk,0.36718112230300903
data\processed\images_to_train\resnet\test\ISIC_0033916.jpg,Low Risk,Low Risk,0.2465236485004425
data\processed\images_to_train\resnet\test\ISIC_0032554.jpg,Low Risk,Low Risk,0.05075052008032799
data\processed\images_to_train\resnet\test\ISIC_0032631.jpg,Low Risk,Low Risk,0.20346872508525848
data\processed\images_to_train\resnet\test\ISIC_0033879.jpg,Low Risk,Low Risk,0.0022214706987142563
data\processed\images_to_train\resnet\test\ISIC_0033896.jpg,Low Risk,Low Risk,0.267130047082901
data\processed\images_to_train\resnet\test\ISIC_0032402.jpg,Low Risk,Low Risk,0.42981722950935364
data\processed\images_to_train\resnet\test\ISIC_0032647.jpg,Low Risk,Low Risk,0.14898976683616638
data\processed\images_to_train\resnet\test\ISIC_0032655.jpg,Low Risk,Low Risk,0.16919216513633728
data\processed\images_to_train\resnet\test\ISIC_0034114.jpg,Low Risk,Low Risk,0.3104130029678345
data\processed\images_to_train\resnet\test\ISIC_0033481.jpg,Low Risk,Low Risk,0.23717518150806427
data\processed\images_to_train\resnet\test\ISIC_0034082.jpg,Low Risk,Low Risk,0.2959979772567749
data\processed\images_to_train\resnet\test\ISIC_0033374.jpg,Low Risk,Low Risk,0.3521046042442322
data\processed\images_to_train\resnet\test\ISIC_0034130.jpg,Low Risk,Low Risk,0.14148183166980743
data\processed\images_to_train\resnet\test\ISIC_0032814.jpg,Low Risk,Low Risk,0.0589970164000988
data\processed\images_to_train\resnet\test\ISIC_0033535.jpg,Low Risk,Low Risk,0.23485542833805084
data\processed\images_to_train\resnet\test\ISIC_0033620.jpg,Low Risk,Low Risk,0.13748526573181152
data\processed\images_to_train\resnet\test\ISIC_0026391.jpg,Low Risk,Low Risk,0.24942713975906372
data\processed\images_to_train\resnet\test\ISIC_0025122.jpg,Low Risk,Low Risk,0.2321900576353073
data\processed\images_to_train\resnet\test\ISIC_0025653.jpg,Low Risk,High Risk,0.5059762597084045
data\processed\images_to_train\resnet\test\ISIC_0027265.jpg,Low Risk,Low Risk,0.11457963287830353
data\processed\images_to_train\resnet\test\ISIC_0028585.jpg,Low Risk,Low Risk,0.18741503357887268
data\processed\images_to_train\resnet\test\ISIC_0032102.jpg,Low Risk,Low Risk,0.3664938807487488
data\processed\images_to_train\resnet\test\ISIC_0031198.jpg,High Risk,High Risk,0.6348937153816223
data\processed\images_to_train\resnet\test\ISIC_0031191.jpg,High Risk,Low Risk,0.4988107979297638
data\processed\images_to_train\resnet\test\ISIC_0024562.jpg,High Risk,Low Risk,0.4004727005958557
data\processed\images_to_train\resnet\test\ISIC_0030602.jpg,High Risk,Low Risk,0.4421122670173645
data\processed\images_to_train\resnet\test\ISIC_0029930.jpg,High Risk,High Risk,0.5987163186073303
data\processed\images_to_train\resnet\test\ISIC_0031012.jpg,High Risk,High Risk,0.6833540797233582
data\processed\images_to_train\resnet\test\ISIC_0029533.jpg,High Risk,High Risk,0.6308376789093018
data\processed\images_to_train\resnet\test\ISIC_0024372.jpg,High Risk,High Risk,0.6555739641189575
data\processed\images_to_train\resnet\test\ISIC_0024707.jpg,High Risk,High Risk,0.6359904408454895
data\processed\images_to_train\resnet\test\ISIC_0029860.jpg,High Risk,Low Risk,0.4650554955005646
data\processed\images_to_train\resnet\test\ISIC_0025825.jpg,High Risk,High Risk,0.5450014472007751
data\processed\images_to_train\resnet\test\ISIC_0026645.jpg,High Risk,High Risk,0.574921190738678
data\processed\images_to_train\resnet\test\ISIC_0030175.jpg,High Risk,High Risk,0.5464521050453186
data\processed\images_to_train\resnet\test\ISIC_0028314.jpg,High Risk,Low Risk,0.4950682818889618
data\processed\images_to_train\resnet\test\ISIC_0031292.jpg,High Risk,Low Risk,0.4682444632053375
data\processed\images_to_train\resnet\test\ISIC_0024418.jpg,High Risk,Low Risk,0.11183399707078934
data\processed\images_to_train\resnet\test\ISIC_0027343.jpg,High Risk,Low Risk,0.3807432949542999
data\processed\images_to_train\resnet\test\ISIC_0026212.jpg,High Risk,High Risk,0.6734305620193481
data\processed\images_to_train\resnet\test\ISIC_0030143.jpg,High Risk,High Risk,0.7416697144508362
data\processed\images_to_train\resnet\test\ISIC_0029210.jpg,High Risk,High Risk,0.6246303915977478
data\processed\images_to_train\resnet\test\ISIC_0029851.jpg,High Risk,High Risk,0.6415104866027832
data\processed\images_to_train\resnet\test\ISIC_0029279.jpg,High Risk,High Risk,0.7420305013656616
data\processed\images_to_train\resnet\test\ISIC_0026720.jpg,High Risk,High Risk,0.6681496500968933
data\processed\images_to_train\resnet\test\ISIC_0030487.jpg,High Risk,High Risk,0.6053046584129333
data\processed\images_to_train\resnet\test\ISIC_0032238.jpg,High Risk,High Risk,0.7098094820976257
data\processed\images_to_train\resnet\test\ISIC_0026525.jpg,High Risk,High Risk,0.6222477555274963
data\processed\images_to_train\resnet\test\ISIC_0028499.jpg,High Risk,Low Risk,0.17940552532672882
data\processed\images_to_train\resnet\test\ISIC_0031421.jpg,High Risk,Low Risk,0.21812967956066132
data\processed\images_to_train\resnet\test\ISIC_0026981.jpg,High Risk,Low Risk,0.3352048993110657
data\processed\images_to_train\resnet\test\ISIC_0031286.jpg,High Risk,Low Risk,0.37101951241493225
data\processed\images_to_train\resnet\test\ISIC_0028076.jpg,High Risk,Low Risk,0.49602434039115906
data\processed\images_to_train\resnet\test\ISIC_0030142.jpg,High Risk,Low Risk,0.4028274714946747
data\processed\images_to_train\resnet\test\ISIC_0025471.jpg,High Risk,High Risk,0.532328724861145
data\processed\images_to_train\resnet\test\ISIC_0030344.jpg,High Risk,Low Risk,0.47961610555648804
data\processed\images_to_train\resnet\test\ISIC_0026457.jpg,High Risk,High Risk,0.527381420135498
data\processed\images_to_train\resnet\test\ISIC_0028763.jpg,High Risk,High Risk,0.5878559947013855
data\processed\images_to_train\resnet\test\ISIC_0030463.jpg,High Risk,High Risk,0.6870060563087463
data\processed\images_to_train\resnet\test\ISIC_0030825.jpg,High Risk,High Risk,0.6282764077186584
data\processed\images_to_train\resnet\test\ISIC_0030036.jpg,High Risk,High Risk,0.5239843130111694
data\processed\images_to_train\resnet\test\ISIC_0027829.jpg,High Risk,Low Risk,0.39546656608581543
data\processed\images_to_train\resnet\test\ISIC_0024948.jpg,High Risk,High Risk,0.536078929901123
